{"drawing": {
  "avgAccel": 1.6274811029434204,
  "stdSpeed": 6.035551071166992,
  "yPos": [
    104,
    104,
    104,
    107,
    107,
    108,
    111,
    113,
    116,
    128,
    132,
    142,
    145,
    148,
    155,
    151,
    147,
    135,
    126,
    124,
    122,
    121,
    121,
    122,
    123,
    125,
    127,
    129,
    134,
    136,
    143,
    146,
    153,
    156,
    165,
    188,
    194,
    205,
    212,
    219,
    225,
    229,
    229,
    227,
    221,
    209,
    208,
    208,
    212,
    220,
    229,
    232,
    236,
    230,
    227,
    217,
    214,
    214,
    215,
    216,
    220,
    227,
    231,
    235,
    251,
    254,
    260,
    263,
    264,
    263,
    261,
    259,
    255,
    249,
    247,
    247,
    249,
    256,
    261,
    267,
    273,
    279,
    287,
    289,
    290,
    285,
    285,
    277,
    273,
    268,
    267,
    267,
    272,
    278,
    291,
    300,
    302,
    307,
    311,
    315,
    319,
    326,
    333,
    338,
    338,
    335,
    334,
    331,
    324,
    319,
    319,
    322,
    330,
    330,
    330,
    330
  ],
  "stdAccel": 1.3680204153060913,
  "receivedX": [],
  "timeBeforeEval": [5191],
  "timeDrawing": [],
  "receivedY": [],
  "xPos": [
    231,
    231,
    230,
    225,
    225,
    223,
    220,
    219,
    217,
    214,
    214,
    215,
    217,
    221,
    240,
    258,
    263,
    270,
    269,
    268,
    265,
    260,
    260,
    253,
    248,
    241,
    238,
    235,
    232,
    231,
    228,
    228,
    227,
    227,
    229,
    237,
    238,
    239,
    238,
    233,
    225,
    216,
    211,
    209,
    207,
    207,
    208,
    209,
    215,
    223,
    234,
    238,
    256,
    268,
    271,
    272,
    269,
    268,
    257,
    255,
    249,
    245,
    243,
    243,
    244,
    244,
    246,
    252,
    255,
    274,
    277,
    277,
    278,
    278,
    275,
    275,
    272,
    265,
    263,
    263,
    264,
    266,
    271,
    275,
    280,
    300,
    300,
    306,
    306,
    301,
    297,
    296,
    293,
    291,
    291,
    293,
    294,
    297,
    300,
    302,
    302,
    301,
    298,
    296,
    296,
    295,
    295,
    296,
    302,
    315,
    315,
    321,
    325,
    325,
    326,
    327
  ],
  "velY": [
    0,
    0,
    0,
    4.115966320037842,
    0,
    1.3416407108306885,
    4.242640972137451,
    2.683281421661377,
    4.160251617431641,
    14.55213737487793,
    4,
    10.945409774780273,
    4.160251617431641,
    4.199999809265137,
    8.9883394241333,
    -4.772469997406006,
    -5.622255325317383,
    -16.411800384521484,
    -9.938837051391602,
    -2.683281421661377,
    -2.773500919342041,
    -1.17669677734375,
    0,
    1.1313709020614624,
    1.17669677734375,
    2.472490072250366,
    2.773500919342041,
    2.773500919342041,
    6.859943866729736,
    2.683281421661377,
    9.191450119018555,
    3,
    7.919595718383789,
    3,
    10.738058090209961,
    29.279401779174805,
    6.904757022857666,
    11.950718879699707,
    7.919595718383789,
    9.764801025390625,
    8.399999618530273,
    5.279799938201904,
    0,
    -2.8284270763397217,
    -7.589466094970703,
    -12,
    -1.4142135381698608,
    0,
    5.547001838684082,
    11.313708305358887,
    12.664755821228027,
    4.199999809265137,
    4.772469997406006,
    -8.049844741821289,
    -4.242640972137451,
    -10.945409774780273,
    -4.242640972137451,
    0,
    1.0864289999008179,
    1.3416407108306885,
    5.547001838684082,
    9.550674438476562,
    5.366562843322754,
    4,
    16.966894149780273,
    3,
    7.589466094970703,
    4.0249223709106445,
    1.2649110555648804,
    -1.05117666721344,
    -2.773500919342041,
    -2,
    -4.850712776184082,
    -6,
    -2.773500919342041,
    0,
    2.773500919342041,
    9.899495124816895,
    6.4993367195129395,
    6,
    6.904757022857666,
    7.589466094970703,
    11.023978233337402,
    2.683281421661377,
    1.17669677734375,
    -6.063390731811523,
    0,
    -11.199999809265137,
    -4,
    -7.071067810058594,
    -1.2126781940460205,
    0,
    6.859943866729736,
    7.589466094970703,
    13,
    10.738058090209961,
    2.683281421661377,
    6.859943866729736,
    5.599999904632568,
    5.366562843322754,
    4,
    7.919595718383789,
    9.191450119018555,
    6.4993367195129395,
    0,
    -3.7947330474853516,
    -1,
    -3.7947330474853516,
    -9.870335578918457,
    -6.461623191833496,
    0,
    4.0249223709106445,
    10.733125686645508,
    0,
    0,
    0
  ],
  "velX": [
    0,
    0,
    -1,
    -6.859943866729736,
    0,
    -2.683281421661377,
    -4.242640972137451,
    -1.3416407108306885,
    -2.773500919342041,
    -3.6380343437194824,
    0,
    1.0945409536361694,
    2.773500919342041,
    5.599999904632568,
    24.396921157836914,
    21.476116180419922,
    7.0278191566467285,
    9.573549270629883,
    -1.104315161705017,
    -1.3416407108306885,
    -4.160251617431641,
    -5.88348388671875,
    0,
    -7.919595718383789,
    -5.88348388671875,
    -8.653715133666992,
    -4.160251617431641,
    -4.160251617431641,
    -4.115966320037842,
    -1.3416407108306885,
    -3.9391930103302,
    0,
    -1.1313709020614624,
    0,
    2.386234998703003,
    10.184139251708984,
    1.1507928371429443,
    1.0864289999008179,
    -1.1313709020614624,
    -6.974858283996582,
    -11.199999809265137,
    -11.879549980163574,
    -5,
    -2.8284270763397217,
    -2.5298221111297607,
    0,
    1.4142135381698608,
    1,
    8.320503234863281,
    11.313708305358887,
    15.479146003723145,
    5.599999904632568,
    21.476116180419922,
    16.099689483642578,
    4.242640972137451,
    1.0945409536361694,
    -4.242640972137451,
    -1,
    -11.950718879699707,
    -2.683281421661377,
    -8.320503234863281,
    -5.457528114318848,
    -2.683281421661377,
    0,
    1.060430884361267,
    0,
    2.5298221111297607,
    8.049844741821289,
    3.7947330474853516,
    19.972354888916016,
    4.160251617431641,
    0,
    1.2126781940460205,
    0,
    -4.160251617431641,
    0,
    -4.160251617431641,
    -9.899495124816895,
    -2.5997347831726074,
    0,
    1.1507928371429443,
    2.5298221111297607,
    6.889986515045166,
    5.366562843322754,
    5.88348388671875,
    24.253562927246094,
    0,
    8.399999618530273,
    0,
    -7.071067810058594,
    -4.850712776184082,
    -1,
    -4.115966320037842,
    -2.5298221111297607,
    0,
    2.386234998703003,
    1.3416407108306885,
    4.115966320037842,
    4.199999809265137,
    2.683281421661377,
    0,
    -1.1313709020614624,
    -3.9391930103302,
    -2.5997347831726074,
    0,
    -1.2649110555648804,
    0,
    1.2649110555648804,
    8.460288047790527,
    16.800220489501953,
    0,
    8.049844741821289,
    5.366562843322754,
    0,
    1,
    1
  ],