{"drawing": {
  "avgAccel": 29.487537384033203,
  "stdSpeed": 59.63179397583008,
  "yPos": [
    312,
    312,
    312,
    315,
    306,
    255,
    218,
    183,
    177,
    178,
    186,
    214,
    218,
    184,
    162,
    144,
    145,
    173,
    198,
    198,
    355,
    355,
    358,
    334,
    309,
    181,
    115,
    115,
    140,
    173,
    337,
    415,
    496,
    496,
    495,
    420,
    279,
    140,
    130,
    128,
    140,
    242,
    392,
    407,
    387,
    366,
    292,
    248,
    175,
    173,
    173,
    176,
    182,
    259,
    269,
    277,
    281,
    285,
    289,
    300,
    328,
    358,
    359,
    343,
    295,
    258,
    176,
    159,
    160,
    175,
    196,
    280,
    313,
    317,
    315,
    301,
    301,
    301,
    304,
    332,
    347,
    351,
    352,
    351,
    351,
    351,
    351,
    351,
    351,
    351,
    351,
    351,
    351,
    351,
    351,
    351,
    351,
    351,
    351,
    351,
    351,
    351,
    351,
    351,
    351,
    351,
    351
  ],
  "stdAccel": 49.92181396484375,
  "receivedX": [],
  "timeBeforeEval": [2727],
  "timeDrawing": [],
  "receivedY": [],
  "xPos": [
    197,
    197,
    198,
    205,
    300,
    439,
    488,
    452,
    413,
    169,
    130,
    89,
    102,
    259,
    318,
    360,
    353,
    270,
    219,
    219,
    126,
    126,
    130,
    157,
    176,
    245,
    270,
    270,
    272,
    277,
    295,
    296,
    297,
    297,
    297,
    327,
    378,
    421,
    424,
    424,
    425,
    440,
    471,
    475,
    484,
    489,
    504,
    508,
    504,
    504,
    504,
    502,
    497,
    409,
    384,
    337,
    318,
    318,
    319,
    321,
    335,
    378,
    387,
    405,
    418,
    422,
    396,
    364,
    350,
    330,
    319,
    301,
    307,
    322,
    329,
    343,
    340,
    338,
    336,
    331,
    334,
    339,
    341,
    349,
    350,
    350,
    350,
    350,
    350,
    350,
    350,
    350,
    350,
    350,
    350,
    350,
    350,
    350,
    350,
    350,
    350,
    350,
    350,
    350,
    350,
    350,
    350
  ],
  "velY": [
    1,
    0,
    0,
    3.9391930103302,
    -9.80871295928955,
    -65.44609069824219,
    -51.823829650878906,
    -49.4925651550293,
    -6.842573165893555,
    1.0040899515151978,
    9.444375038146973,
    38.913352966308594,
    4.999459266662598,
    -40.425960540771484,
    -28.299978256225586,
    -23.63515853881836,
    1.1313709020614624,
    35.48120880126953,
    33.45195007324219,
    0,
    215.09512329101562,
    0,
    4.199999809265137,
    -33.8825569152832,
    -35.03113555908203,
    -173.40928649902344,
    -85.0995101928711,
    0,
    26.914012908935547,
    37.57118606567383,
    180.91358947753906,
    78.9935073852539,
    81.9937515258789,
    0,
    -1,
    -97.49005126953125,
    -180.55223083496094,
    -173.8704376220703,
    -12.451741218566895,
    -2,
    12.955095291137695,
    115.75502014160156,
    177.25421142578125,
    18.358463287353516,
    -26.445722579956055,
    -25.2929630279541,
    -87.2260513305664,
    -47.80287551879883,
    -76.8846664428711,
    -2,
    0,
    4.160251617431641,
    8.450433731079102,
    108.65325927734375,
    12.998674392700195,
    9.228963851928711,
    4.738240718841553,
    4,
    4.850712776184082,
    12.790308952331543,
    37.565940856933594,
    41.769256591796875,
    1.104315161705017,
    -22.58837127685547,
    -58.878807067871094,
    -40.762489318847656,
    -102.94890594482422,
    -22.98860740661621,
    1.0687057971954346,
    21,
    28.346609115600586,
    99.73583984375,
    38.37092590332031,
    4.895590305328369,
    -2.472490072250366,
    -19.79899024963379,
    0,
    0,
    4.160251617431641,
    32.48611068725586,
    17.650453567504883,
    5.622255325317383,
    1.3416407108306885,
    -1.1163126230239868,
    0,
    0,
    0,
    0,
    0,
    0,
    0,
    0,
    0,
    0,
    0,
    0,
    0,
    0,
    0,
    0,
    0,
    0,
    0,
    0,
    0,
    0,
    0
  ],
  "velX": [
    0,
    0,
    1,
    9.191450119018555,
    103.53641510009766,
    178.3726806640625,
    68.63156127929688,
    -50.906639099121094,
    -44.47672653198242,
    -244.99794006347656,
    -46.04132843017578,
    -56.98027038574219,
    16.24824333190918,
    186.67282104492188,
    75.89539337158203,
    55.148704528808594,
    -7.919595718383789,
    -105.17643737792969,
    -68.24197387695312,
    0,
    -127.41304016113281,
    0,
    5.599999904632568,
    38.11787796020508,
    26.62366485595703,
    93.47843933105469,
    32.23466110229492,
    0,
    2.153120994567871,
    5.692604064941406,
    19.856369018554688,
    1.0127372741699219,
    1.0122685432434082,
    0,
    0,
    38.99602127075195,
    65.3061294555664,
    53.78725814819336,
    3.735522508621216,
    0,
    1.0795912742614746,
    17.022796630859375,
    36.632537841796875,
    4.895590305328369,
    11.900574684143066,
    6.022133827209473,
    17.68095588684082,
    4.3457159996032715,
    -4.2128586769104,
    0,
    0,
    -2.773500919342041,
    -7.042028427124023,
    -124.17515563964844,
    -32.49668502807617,
    -54.22016143798828,
    -22.506643295288086,
    0,
    1.2126781940460205,
    2.3255107402801514,
    18.782970428466797,
    59.869266510009766,
    9.938837051391602,
    25.411916732788086,
    15.946344375610352,
    4.406755447387695,
    -32.642337799072266,
    -43.27267074584961,
    -14.961880683898926,
    -28,
    -14.848223686218262,
    -21.371967315673828,
    6.976531982421875,
    18.358463287353516,
    8.653715133666992,
    19.79899024963379,
    -3,
    -2,
    -2.773500919342041,
    -5.801091194152832,
    3.530090570449829,
    7.0278191566467285,
    2.683281421661377,
    8.930500984191895,
    1,
    0,
    0,
    0,
    0,
    0,
    0,
    0,
    0,
    0,
    0,
    0,
    0,
    0,
    0,
    0,
    0,
    0,
    0,
    0,
    0,
    0,
    0
  ],
  "accelearation": [
    0,
    0,
    0,
    0,
    94,
    86,
    104,
    0,
    26,
    0,
    198,
    0,
    52,
    0,
    110,
    0,
    52,
    103,
    17.5,
    38,
    250,
    250,
    7,
    44,
    7,
    0,
    106,
    91,
    27,
    5.5,
    144,
    103,
    1.5,
    82,
    0.5,
    104,
    43.5,
    10,
    169,
    5.5,
    11,
    52,
    32,
    81,
    3.3333332538604736,
    1.5,
    63,
    20.5,
    29,
    37.5,
    1,
    5,
    3,
    77,
    65,
    20,
    16,
    19,
    0.5,
    4,
    9.666666984558105,
    15.5,
    31.5,
    12,
    9,
    20,
    22.33333396911621,
    19.66666603088379,
    17,
    10,
    1,
    35,
    21,
    10,
    3.3333332538604736,
    9.5,
    12.5,
    0.3333333432674408,
    0.75,
    7,
    3.75,
    4.5,
    2,
    3,
    2,
    0.5,
    0,
    0,
    0,
    0,
    0,
    0,
    0,
    0,
    0,
    0,
    0,
    0,
    0,
    0,
    0,
    0,
    0,
    0,
    0,
    0,
    0
  ],
  "speed": [
    1,
    0,
    1,
    10,
    104,
    190,
    86,
    71,
    45,
    245,
    47,
    69,
    17,
    191,
    81,
    60,
    8,
    111,
    76,
    0,
    250,
    0,
    7,
    51,
    44,
    197,
    91,
    0,
    27,
    38,
    182,
    79,
    82,
    0,
    1,
    105,
    192,
    182,
    13,
    2,
    13,
    117,
    181,
    19,
    29,
    26,
    89,
    48,
    77,
    2,
    0,
    5,
    11,
    165,
    35,
    55,
    23,
    4,
    5,
    13,
    42,
    73,
    10,
    34,
    61,
    41,
    108,
    49,
    15,
    35,
    32,
    102,
    39,
    19,
    9,
    28,
    3,
    2,
    5,
    33,
    18,
    9,
    3,
    9,
    1,
    0,
    0,
    0,
    0,
    0,
    0,
    0,
    0,
    0,
    0,
    0,
    0,
    0,
    0,
    0,
    0,
    0,
    0,
    0,
    0,
    0,
    0
  ],
  "avgSpeed": 43.48598098754883,
  "timeBeforeDrawing": [],
  "size": 107,
  "selectedPointY": [-0.715999960899353],
  "selectedPointX": [1]
}}