{"drawing": {
  "avgAccel": 6.654070854187012,
  "stdSpeed": 14.585594177246094,
  "yPos": [
    268,
    269,
    269,
    272,
    277,
    278,
    280,
    281,
    282,
    284,
    285,
    285,
    286,
    286,
    282,
    280,
    277,
    272,
    267,
    263,
    257,
    255,
    254,
    253,
    259,
    272,
    279,
    285,
    301,
    312,
    321,
    321,
    320,
    316,
    302,
    297,
    283,
    273,
    261,
    257,
    257,
    254,
    260,
    260,
    285,
    308,
    320,
    319,
    303,
    283,
    258,
    249,
    229,
    212,
    203,
    200,
    200,
    200,
    201,
    207,
    207,
    215,
    217,
    226,
    242,
    273,
    305,
    339,
    368,
    374,
    378,
    359,
    343,
    337,
    301,
    260,
    236,
    230,
    217,
    211,
    211,
    215,
    223,
    241,
    259,
    267,
    277,
    277,
    280,
    275,
    272,
    261,
    246,
    240,
    214,
    214,
    204,
    201,
    196,
    188,
    183,
    180,
    166,
    153,
    151,
    147,
    143,
    140,
    140,
    138,
    138,
    136,
    129,
    122,
    115,
    102,
    102,
    98,
    96,
    94,
    92,
    89,
    88,
    87,
    86,
    85,
    85,
    85,
    85,
    85,
    85
  ],
  "stdAccel": 9.426460266113281,
  "receivedX": [],
  "timeBeforeEval": [4982],
  "timeDrawing": [],
  "receivedY": [],
  "xPos": [
    170,
    171,
    172,
    179,
    196,
    201,
    222,
    231,
    242,
    271,
    286,
    301,
    318,
    318,
    362,
    371,
    376,
    381,
    381,
    380,
    378,
    376,
    373,
    366,
    351,
    342,
    339,
    336,
    328,
    322,
    313,
    310,
    309,
    305,
    292,
    288,
    282,
    282,
    283,
    287,
    287,
    294,
    332,
    332,
    368,
    393,
    427,
    441,
    476,
    493,
    504,
    504,
    501,
    486,
    463,
    442,
    431,
    415,
    411,
    387,
    387,
    371,
    367,
    357,
    345,
    338,
    335,
    345,
    372,
    383,
    404,
    446,
    463,
    468,
    482,
    481,
    474,
    471,
    457,
    427,
    422,
    412,
    403,
    395,
    393,
    396,
    407,
    407,
    422,
    439,
    444,
    456,
    465,
    466,
    464,
    464,
    461,
    459,
    454,
    446,
    442,
    441,
    437,
    437,
    437,
    440,
    445,
    450,
    450,
    453,
    453,
    454,
    455,
    455,
    453,
    447,
    447,
    445,
    445,
    445,
    445,
    445,
    445,
    445,
    446,
    446,
    446,
    446,
    446,
    446,
    446
  ],
  "velY": [
    0,
    1.4142135381698608,
    0,
    3.9391930103302,
    6.2076592445373535,
    1.17669677734375,
    2.1806092262268066,
    1.104315161705017,
    1.0864289999008179,
    2.1328647136688232,
    1.0643041133880615,
    0,
    1.0569963455200195,
    0,
    -4.3457159996032715,
    -2.386234998703003,
    -4.115966320037842,
    -7.071067810058594,
    -5,
    -4.850712776184082,
    -7.589466094970703,
    -2.8284270763397217,
    -1.2649110555648804,
    -1.1313709020614624,
    7.799203872680664,
    18.088228225708008,
    9.191450119018555,
    8.049844741821289,
    21.466251373291016,
    14.924223899841309,
    12.727921485900879,
    0,
    -1.4142135381698608,
    -5.656854152679443,
    -19.785425186157227,
    -7.0278191566467285,
    -18.38290023803711,
    -10,
    -12.955095291137695,
    -5.656854152679443,
    0,
    -3.9391930103302,
    6.862353324890137,
    0,
    34.79414749145508,
    32.49871063232422,
    15.309725761413574,
    -1.0687057971954346,
    -21.203746795654297,
    -28.191755294799805,
    -32.95134353637695,
    -9,
    -22.745534896850586,
    -23.99481201171875,
    -11.66077995300293,
    -3.3941125869750977,
    0,
    0,
    1.2126781940460205,
    7.276068687438965,
    0,
    10.733125686645508,
    2.683281421661377,
    12.71033000946045,
    22.399999618530273,
    37.06675720214844,
    34.847198486328125,
    42.21208190917969,
    40.986061096191406,
    8.140485763549805,
    4.677803039550781,
    -25.142240524291992,
    -22.617034912109375,
    -8.450433731079102,
    -46.60023498535156,
    -41.98751449584961,
    -29.760000228881836,
    -8.049844741821289,
    -18.372180938720703,
    -7.060181140899658,
    0,
    5.199469566345215,
    11.294185638427734,
    23.75909996032715,
    19.877674102783203,
    10.29962158203125,
    14.126128196716309,
    0,
    3.530090570449829,
    -6.2076592445373535,
    -4.115966320037842,
    -15.541666984558105,
    -20.579830169677734,
    -6.904757022857666,
    -27.917526245117188,
    0,
    -12.451741218566895,
    -4.160251617431641,
    -7.071067810058594,
    -11.313708305358887,
    -7.0278191566467285,
    -3.7947330474853516,
    -17.307430267333984,
    -13,
    -2,
    -5.599999904632568,
    -5.622255325317383,
    -4.115966320037842,
    0,
    -2.773500919342041,
    0,
    -2.683281421661377,
    -7.919595718383789,
    -7,
    -8.653715133666992,
    -17.25122833251953,
    0,
    -5.366562843322754,
    -2,
    -2,
    -2,
    -3,
    -1,
    -1,
    -1.4142135381698608,
    -1,
    0,
    0,
    0,
    0,
    0
  ],
  "velX": [
    0,
    1.4142135381698608,
    1,
    9.191450119018555,
    21.106040954589844,
    5.88348388671875,
    22.89639663696289,
    9.938837051391602,
    11.950718879699707,
    30.92654037475586,
    15.96456241607666,
    15,
    17.96893882751465,
    0,
    47.80287551879883,
    10.738058090209961,
    6.859943866729736,
    7.071067810058594,
    0,
    -1.2126781940460205,
    -2.5298221111297607,
    -2.8284270763397217,
    -3.7947330474853516,
    -7.919595718383789,
    -19.498010635375977,
    -12.52262020111084,
    -3.9391930103302,
    -4.0249223709106445,
    -10.733125686645508,
    -8.140485763549805,
    -12.727921485900879,
    -3,
    -1.4142135381698608,
    -5.656854152679443,
    -18.372180938720703,
    -5.622255325317383,
    -7.8783860206604,
    0,
    1.0795912742614746,
    5.656854152679443,
    0,
    9.191450119018555,
    43.461570739746094,
    0,
    50.10356903076172,
    35.32468795776367,
    43.37755584716797,
    14.961880683898926,
    46.38319778442383,
    23.96299171447754,
    14.498590469360352,
    0,
    -3.411830186843872,
    -21.171892166137695,
    -29.79977035522461,
    -23.758787155151367,
    -11,
    -16,
    -4.850712776184082,
    -29.10427474975586,
    0,
    -21.466251373291016,
    -5.366562843322754,
    -14.122589111328125,
    -16.799999237060547,
    -8.369913101196289,
    -3.2669248580932617,
    12.415318489074707,
    38.1594352722168,
    14.924223899841309,
    24.55846405029297,
    55.57758331298828,
    24.03059959411621,
    7.042028427124023,
    18.122312545776367,
    -1.0240857601165771,
    -8.680000305175781,
    -4.0249223709106445,
    -19.785425186157227,
    -35.300907135009766,
    -5,
    -12.998673439025879,
    -12.705958366394043,
    -10.559599876403809,
    -2.208630323410034,
    3.8623580932617188,
    15.538741111755371,
    0,
    17.650453567504883,
    21.106040954589844,
    6.859943866729736,
    16.954545974731445,
    12.347898483276367,
    1.1507928371429443,
    -2.1475019454956055,
    0,
    -3.735522508621216,
    -2.773500919342041,
    -7.071067810058594,
    -11.313708305358887,
    -5.622255325317383,
    -1.2649110555648804,
    -4.944980144500732,
    0,
    0,
    4.199999809265137,
    7.0278191566467285,
    6.859943866729736,
    0,
    4.160251617431641,
    0,
    1.3416407108306885,
    1.1313709020614624,
    0,
    -2.472490072250366,
    -7.9621052742004395,
    0,
    -2.683281421661377,
    0,
    0,
    0,
    0,
    0,
    0,
    1.4142135381698608,
    0,
    0,
    0,
    0,
    0,
    0
  ],