{"drawing": {
  "avgAccel": 2.095155954360962,
  "stdSpeed": 6.313587188720703,
  "yPos": [
    193,
    195,
    195,
    199,
    204,
    211,
    213,
    221,
    227,
    235,
    242,
    250,
    262,
    265,
    272,
    280,
    287,
    294,
    294,
    302,
    308,
    310,
    311,
    313,
    313,
    314,
    315,
    315,
    315,
    315,
    315,
    315,
    315,
    315,
    316,
    318,
    319,
    321,
    322,
    324,
    325,
    327,
    328,
    330,
    331,
    332,
    333,
    333,
    333,
    332,
    329,
    321,
    317,
    313,
    303,
    298,
    292,
    290,
    280,
    279,
    274,
    268,
    261,
    257,
    255,
    249,
    248,
    245,
    239,
    233,
    233,
    232,
    227,
    226,
    224,
    224,
    226,
    233,
    237,
    244,
    251,
    259,
    264,
    275,
    277,
    280,
    283,
    287,
    289,
    289,
    294,
    295,
    296,
    298,
    298,
    301,
    302,
    303,
    305,
    308,
    309,
    311,
    313,
    314,
    317,
    319,
    323,
    326,
    330,
    336,
    336,
    338,
    341,
    347,
    347,
    351,
    354,
    360,
    362,
    366,
    370,
    370,
    372,
    375,
    374,
    374,
    373,
    372,
    366,
    366,
    364,
    360,
    359,
    358,
    357,
    357,
    359,
    360,
    364,
    369,
    373,
    373,
    376,
    381,
    383,
    385,
    385,
    387,
    387,
    389,
    389,
    391,
    392,
    393,
    394,
    397,
    400,
    400,
    402,
    409,
    411,
    412,
    413,
    417,
    422,
    422,
    424,
    428,
    431,
    432,
    432,
    436,
    437,
    438,
    438,
    439,
    439,
    439,
    439,
    439,
    438,
    437,
    437,
    435,
    434,
    433,
    432,
    432,
    432,
    431,
    431,
    430,
    429,
    426,
    424,
    423,
    423,
    422,
    422,
    422,
    422,
    422,
    421
  ],
  "stdAccel": 2.717029333114624,
  "receivedX": [],
  "timeBeforeEval": [1689],
  "timeDrawing": [],
  "receivedY": [],
  "xPos": [
    427,
    423,
    421,
    414,
    410,
    406,
    405,
    400,
    398,
    396,
    393,
    389,
    385,
    383,
    380,
    376,
    371,
    365,
    365,
    356,
    348,
    343,
    340,
    331,
    326,
    315,
    311,
    294,
    281,
    272,
    268,
    253,
    241,
    233,
    224,
    210,
    205,
    192,
    185,
    174,
    172,
    163,
    161,
    156,
    155,
    154,
    154,
    154,
    154,
    154,
    153,
    151,
    150,
    150,
    148,
    147,
    146,
    146,
    146,
    146,
    146,
    146,
    146,
    146,
    147,
    147,
    147,
    147,
    147,
    147,
    147,
    147,
    147,
    147,
    147,
    147,
    146,
    145,
    144,
    142,
    141,
    141,
    140,
    140,
    140,
    140,
    140,
    141,
    141,
    141,
    144,
    145,
    145,
    147,
    147,
    150,
    151,
    152,
    154,
    157,
    158,
    161,
    165,
    167,
    174,
    179,
    187,
    195,
    206,
    222,
    222,
    234,
    243,
    265,
    265,
    286,
    300,
    325,
    333,
    362,
    389,
    389,
    405,
    424,
    430,
    433,
    438,
    438,
    438,
    438,
    437,
    436,
    433,
    432,
    430,
    428,
    426,
    425,
    422,
    420,
    418,
    418,
    415,
    411,
    410,
    408,
    407,
    404,
    402,
    396,
    396,
    387,
    384,
    383,
    379,
    374,
    370,
    370,
    368,
    363,
    362,
    361,
    360,
    359,
    355,
    355,
    353,
    351,
    348,
    347,
    347,
    344,
    341,
    340,
    337,
    328,
    323,
    318,
    313,
    295,
    289,
    271,
    267,
    253,
    240,
    232,
    223,
    223,
    203,
    189,
    189,
    176,
    171,
    150,
    136,
    131,
    131,
    123,
    123,
    123,
    123,
    123,
    123
  ],
  "velY": [
    0,
    2.683281421661377,
    0,
    5.457528114318848,
    7.0278191566467285,
    9.550674438476562,
    2.683281421661377,
    11.023978233337402,
    7.589466094970703,
    9.701425552368164,
    9.191450119018555,
    10.733125686645508,
    15.178932189941406,
    4.160251617431641,
    9.191450119018555,
    10.733125686645508,
    9.764801025390625,
    9.870335578918457,
    0,
    11.294185638427734,
    8.399999618530273,
    2.5997347831726074,
    1.2649110555648804,
    2.386234998703003,
    0,
    1.0864289999008179,
    1.2126781940460205,
    0,
    0,
    0,
    0,
    0,
    0,
    0,
    1.104315161705017,
    2.262741804122925,
    1.17669677734375,
    2.280857801437378,
    1.1313709020614624,
    2.3255107402801514,
    1.3416407108306885,
    2.386234998703003,
    1.3416407108306885,
    2.5997347831726074,
    1.4142135381698608,
    1.4142135381698608,
    1,
    0,
    0,
    -1,
    -3.7947330474853516,
    -9.701425552368164,
    -4.850712776184082,
    -4,
    -11.7669677734375,
    -5.88348388671875,
    -6.904757022857666,
    -2,
    -10,
    -1,
    -5,
    -6,
    -7,
    -4,
    -2.683281421661377,
    -6,
    -1,
    -3,
    -6,
    -6,
    0,
    -1,
    -5,
    -1,
    -2,
    0,
    2.683281421661377,
    7.919595718383789,
    4.850712776184082,
    8.653715133666992,
    7.919595718383789,
    8,
    5.88348388671875,
    11,
    2,
    3,
    3,
    4.850712776184082,
    2,
    0,
    6.859943866729736,
    1.4142135381698608,
    1,
    2.8284270763397217,
    0,
    4.242640972137451,
    1.4142135381698608,
    1.4142135381698608,
    2.8284270763397217,
    4.242640972137451,
    1.4142135381698608,
    2.773500919342041,
    2.683281421661377,
    1.3416407108306885,
    3.9391930103302,
    2.5997347831726074,
    5.366562843322754,
    3.8623580932617188,
    5.12614631652832,
    7.7247161865234375,
    0,
    2.3015856742858887,
    3.7947332859039307,
    7.3672871589660645,
    0,
    4.677803039550781,
    3.5619943141937256,
    7.234561443328857,
    2.425356388092041,
    4.509034156799316,
    4.543008804321289,
    0,
    2.2326252460479736,
    3.4311766624450684,
    -1.1507928371429443,
    0,
    -1.17669677734375,
    -1,
    -6,
    0,
    -2.683281421661377,
    -4.850712776184082,
    -1.2649110555648804,
    -1.4142135381698608,
    -1.3416407108306885,
    0,
    2.8284270763397217,
    1.4142135381698608,
    5.599999904632568,
    6.4993367195129395,
    5.366562843322754,
    0,
    4.242640972137451,
    7.0278191566467285,
    2.683281421661377,
    2.8284270763397217,
    0,
    2.773500919342041,
    0,
    2.5298221111297607,
    0,
    2.386234998703003,
    1.2649110555648804,
    1.4142135381698608,
    1.2126781940460205,
    4.115966320037842,
    4.199999809265137,
    0,
    2.8284270763397217,
    9.764801025390625,
    2.683281421661377,
    1.4142135381698608,
    1.4142135381698608,
    4.850712776184082,
    7.0278191566467285,
    0,
    2.8284270763397217,
    5.366562843322754,
    4.242640972137451,
    1.4142135381698608,
    0,
    5.599999904632568,
    1.2649110555648804,
    1.4142135381698608,
    0,
    1.104315161705017,
    0,
    0,
    0,
    0,
    -1.1507928371429443,
    -1.053930401802063,
    0,
    -2.262741804122925,
    -1.0737509727478027,
    -1.1163126230239868,
    -1.104315161705017,
    0,
    0,
    -1.0687057971954346,
    0,
    -1.0737509727478027,
    -1.17669677734375,
    -3.3941125869750977,
    -2.262741804122925,
    -1.17669677734375,
    0,
    -1.1163126230239868,
    0,
    0,
    0,
    0,
    -1
  ],