{"drawing": {
  "avgAccel": 26.772748947143555,
  "stdSpeed": 50.493873596191406,
  "yPos": [
    372,
    372,
    370,
    336,
    258,
    211,
    202,
    185,
    185,
    207,
    330,
    498,
    528,
    523,
    487,
    457,
    374,
    363,
    353,
    355,
    405,
    461,
    465,
    432,
    397,
    388,
    387,
    382,
    373,
    381,
    400,
    401,
    401,
    397,
    377,
    344,
    320,
    311,
    310,
    305,
    281,
    232,
    173,
    139,
    131,
    132,
    217,
    300,
    300,
    360,
    382,
    315,
    269,
    263,
    254,
    241,
    240,
    251,
    311,
    322,
    330,
    334,
    336,
    337,
    313,
    311,
    310,
    313,
    315,
    325,
    340,
    346,
    379,
    383,
    384,
    386,
    403,
    403,
    393,
    382,
    346,
    346,
    339,
    339,
    348,
    355,
    385,
    391,
    391,
    391,
    391,
    388,
    376,
    336,
    336,
    292,
    179,
    134,
    82,
    81,
    79,
    78,
    78,
    78,
    78,
    78,
    78,
    78,
    78,
    78
  ],
  "stdAccel": 34.89134216308594,
  "receivedX": [],
  "timeBeforeEval": [3247],
  "timeDrawing": [],
  "receivedY": [],
  "xPos": [
    190,
    190,
    193,
    206,
    220,
    221,
    220,
    216,
    216,
    213,
    217,
    230,
    241,
    248,
    269,
    280,
    306,
    308,
    312,
    313,
    330,
    359,
    388,
    456,
    506,
    513,
    510,
    474,
    380,
    176,
    89,
    86,
    86,
    94,
    172,
    362,
    466,
    492,
    491,
    485,
    469,
    447,
    407,
    371,
    355,
    354,
    339,
    336,
    336,
    346,
    372,
    508,
    539,
    539,
    533,
    484,
    465,
    365,
    262,
    256,
    256,
    264,
    274,
    316,
    419,
    435,
    449,
    455,
    456,
    457,
    457,
    457,
    464,
    465,
    465,
    466,
    479,
    479,
    498,
    510,
    571,
    571,
    603,
    610,
    615,
    618,
    625,
    626,
    626,
    626,
    626,
    626,
    628,
    631,
    631,
    630,
    610,
    600,
    592,
    592,
    592,
    591,
    591,
    591,
    591,
    591,
    591,
    591,
    591,
    591
  ],
  "velY": [
    0,
    0,
    -2.773500919342041,
    -43.90043640136719,
    -90.55294799804688,
    -47.989139556884766,
    -9.938837051391602,
    -20.441761016845703,
    0,
    24.770753860473633,
    126.93289184570312,
    180.4605255126953,
    38.493927001953125,
    -6.974858283996582,
    -49.23539352416992,
    -38.493927001953125,
    -104.01599884033203,
    -12.790308952331543,
    -12.998673439025879,
    2.683281421661377,
    63.433773040771484,
    75.47952270507812,
    4.509034156799316,
    -44.09640884399414,
    -48.74429702758789,
    -12.62963581085205,
    -1.2649110555648804,
    -5.640303611755371,
    -9.816808700561523,
    8.307340621948242,
    22.616369247436523,
    1.2649110555648804,
    0,
    -5.366562843322754,
    -24.34078598022461,
    -38.1602783203125,
    -28.78201675415039,
    -11.448869705200195,
    -1.4142135381698608,
    -7.042028427124023,
    -33.282012939453125,
    -64.77113342285156,
    -81.9431381225586,
    -48.06364822387695,
    -10.733125686645508,
    1.4142135381698608,
    98.47835540771484,
    85.94387817382812,
    0,
    69.04757690429688,
    31.00522804260254,
    -89.71159362792969,
    -63.853511810302734,
    -6,
    -12.480753898620605,
    -15.898951530456543,
    -1.05117666721344,
    12.13679313659668,
    82.04594421386719,
    14.924223899841309,
    8,
    5.366562843322754,
    2.3533935546875,
    1.023519515991211,
    -28.82019805908203,
    -2.2326252460479736,
    -1.0687057971954346,
    4.0249223709106445,
    2.683281421661377,
    10.945409774780273,
    15,
    6,
    39.129364013671875,
    4.850712776184082,
    1,
    2.683281421661377,
    23.83073616027832,
    0,
    -13.506646156311035,
    -15.541666984558105,
    -49.300594329833984,
    0,
    -8.33417797088623,
    0,
    12.238201141357422,
    9.191450119018555,
    36.03212356567383,
    6.904757022857666,
    0,
    0,
    0,
    -3,
    -13.809514045715332,
    -42.87957000732422,
    0,
    -44.988380432128906,
    -130.9645233154297,
    -53.69028854370117,
    -59.302303314208984,
    -1,
    -2,
    -1.4142135381698608,
    0,
    0,
    0,
    0,
    0,
    0,
    0,
    0
  ],
  "velX": [
    0,
    0,
    4.160251617431641,
    16.785459518432617,
    16.253093719482422,
    1.0210455656051636,
    -1.104315161705017,
    -4.809826374053955,
    0,
    -3.3778300285339355,
    4.127899169921875,
    13.96420669555664,
    14.11444091796875,
    9.764801025390625,
    28.72064781188965,
    14.11444091796875,
    32.58332443237305,
    2.3255107402801514,
    5.199469566345215,
    1.3416407108306885,
    21.567481994628906,
    39.08761215209961,
    32.69049835205078,
    90.86532592773438,
    69.63471221923828,
    9.823049545288086,
    -3.7947330474853516,
    -40.61018371582031,
    -102.53111267089844,
    -211.83717346191406,
    -103.55916595458984,
    -3.7947330474853516,
    0,
    10.733125686645508,
    94.92906188964844,
    219.71070861816406,
    124.7220687866211,
    33.07451248168945,
    -1.4142135381698608,
    -8.450433731079102,
    -22.188007354736328,
    -29.08091926574707,
    -55.55467224121094,
    -50.89092254638672,
    -21.466251373291016,
    -1.4142135381698608,
    -17.37853240966797,
    -3.106405258178711,
    0,
    11.507928848266602,
    36.642539978027344,
    182.1011505126953,
    43.031715393066406,
    0,
    -8.320502281188965,
    -59.926815032958984,
    -19.972354888916016,
    -110.33448791503906,
    -140.8455352783203,
    -8.140485763549805,
    0,
    10.733125686645508,
    11.7669677734375,
    42.98781967163086,
    123.68668365478516,
    17.86100196838379,
    14.961880683898926,
    8.049844741821289,
    1.3416407108306885,
    1.0945409536361694,
    0,
    0,
    8.30016803741455,
    1.2126781940460205,
    0,
    1.3416407108306885,
    18.22350311279297,
    0,
    25.662628173828125,
    16.954545974731445,
    83.53711700439453,
    0,
    38.099098205566406,
    7,
    6.7990007400512695,
    3.9391930103302,
    8.407495498657227,
    1.1507928371429443,
    0,
    0,
    0,
    0,
    2.3015856742858887,
    3.2159676551818848,
    0,
    -1.0224632024765015,
    -23.179563522338867,
    -11.931175231933594,
    -9.123431205749512,
    0,
    0,
    -1.4142135381698608,
    0,
    0,
    0,
    0,
    0,
    0,
    0,
    0
  ],
  "accelearation": [
    0,
    0,
    0,
    42,
    45,
    44,
    38,
    0,
    21,
    25,
    102,
    54,
    140,
    29,
    0,
    0,
    0,
    96,
    1,
    0,
    0,
    18,
    52,
    0,
    16,
    0,
    12,
    37,
    62,
    109,
    106,
    102,
    4,
    6,
    86,
    125,
    95,
    46.5,
    33,
    9,
    14.5,
    31,
    14,
    14.5,
    46,
    22,
    49,
    7,
    43,
    70,
    22,
    77.5,
    63,
    71,
    3,
    15.666666984558105,
    42,
    91,
    26,
    146,
    9,
    2,
    0,
    15.5,
    42,
    109,
    1.5,
    2,
    3,
    2.6666667461395264,
    2,
    1.2857142686843872,
    17,
    17.5,
    1.3333333730697632,
    1,
    6.75,
    15,
    9.666666984558105,
    3,
    18.5,
    32.33333206176758,
    39,
    10.666666984558105,
    3.5,
    1.3333333730697632,
    13.5,
    10,
    3.5,
    0,
    0,
    1,
    5.5,
    7.25,
    14.333333015441895,
    15,
    44,
    26,
    1.6666666269302368,
    11.800000190734863,
    0.25,
    0,
    1,
    0,
    0,
    0,
    0,
    0,
    0,
    0
  ],