{"drawing": {
  "avgAccel": 1.5085358619689941,
  "stdSpeed": 3.9630162715911865,
  "yPos": [
    315,
    315,
    315,
    313,
    313,
    308,
    303,
    301,
    299,
    295,
    293,
    288,
    280,
    278,
    271,
    263,
    261,
    259,
    259,
    259,
    260,
    264,
    268,
    272,
    274,
    277,
    277,
    277,
    274,
    271,
    266,
    265,
    260,
    258,
    256,
    255,
    247,
    245,
    238,
    233,
    231,
    223,
    217,
    217,
    212,
    207,
    206,
    203,
    202,
    200,
    197,
    193,
    188,
    186,
    182,
    171,
    168,
    165,
    162,
    161,
    156,
    154,
    152,
    148,
    147,
    147,
    147,
    152,
    156,
    158,
    162,
    166,
    169,
    170,
    172,
    174,
    177,
    182,
    182,
    184,
    185,
    188,
    188,
    188,
    185,
    183,
    180,
    175,
    171,
    168,
    163,
    161,
    157,
    156,
    150,
    148,
    148,
    148,
    148,
    149,
    154,
    155,
    160,
    163,
    163,
    168,
    171,
    174,
    174,
    178,
    178,
    178,
    178,
    177,
    177,
    175,
    173,
    172,
    169,
    168,
    166,
    166,
    167,
    169,
    169,
    174,
    176,
    180,
    184,
    184,
    187,
    190,
    190,
    191,
    192,
    192,
    192,
    192,
    191,
    190,
    187,
    186,
    185,
    183,
    183,
    182,
    182,
    182,
    185,
    187,
    193,
    193,
    200,
    205,
    216,
    216,
    221,
    222,
    224,
    226,
    227,
    246,
    252,
    252,
    263,
    267,
    272,
    272,
    272,
    271,
    267,
    259,
    259,
    255,
    255,
    255,
    255,
    261,
    261,
    268,
    275,
    279,
    286,
    288,
    296,
    307,
    308,
    311,
    311,
    316,
    318,
    321,
    325,
    329,
    330,
    331,
    338,
    338,
    339,
    340,
    340,
    340,
    341,
    340,
    340,
    336,
    328,
    326,
    326,
    325,
    326,
    327,
    331,
    339,
    342,
    344,
    349,
    353,
    353,
    354,
    354,
    355,
    356,
    356,
    356,
    356,
    356,
    356,
    356,
    355
  ],
  "stdAccel": 2.09183406829834,
  "receivedX": [],
  "timeBeforeEval": [4603],
  "timeDrawing": [],
  "receivedY": [],
  "xPos": [
    363,
    363,
    363,
    363,
    363,
    361,
    355,
    352,
    347,
    338,
    335,
    331,
    327,
    327,
    325,
    326,
    327,
    328,
    329,
    332,
    333,
    338,
    341,
    343,
    345,
    350,
    351,
    353,
    358,
    360,
    361,
    362,
    361,
    361,
    360,
    359,
    354,
    353,
    349,
    347,
    346,
    343,
    343,
    343,
    343,
    345,
    347,
    352,
    353,
    357,
    358,
    358,
    358,
    358,
    356,
    347,
    344,
    340,
    337,
    337,
    333,
    331,
    329,
    326,
    325,
    324,
    322,
    317,
    313,
    312,
    309,
    308,
    308,
    308,
    307,
    307,
    307,
    308,
    308,
    309,
    309,
    313,
    316,
    322,
    327,
    329,
    330,
    331,
    332,
    332,
    331,
    331,
    328,
    327,
    320,
    315,
    310,
    310,
    310,
    307,
    303,
    302,
    298,
    297,
    297,
    297,
    297,
    298,
    298,
    303,
    305,
    306,
    307,
    307,
    308,
    308,
    308,
    308,
    306,
    304,
    295,
    295,
    293,
    291,
    291,
    286,
    285,
    283,
    282,
    282,
    282,
    282,
    282,
    282,
    283,
    283,
    285,
    285,
    288,
    290,
    291,
    292,
    292,
    292,
    292,
    289,
    286,
    286,
    282,
    281,
    279,
    279,
    277,
    275,
    269,
    269,
    265,
    264,
    262,
    259,
    258,
    253,
    253,
    253,
    254,
    256,
    261,
    261,
    271,
    273,
    278,
    280,
    280,
    280,
    280,
    279,
    279,
    270,
    270,
    265,
    264,
    263,
    262,
    261,
    258,
    253,
    252,
    250,
    250,
    248,
    247,
    247,
    246,
    246,
    246,
    246,
    247,
    247,
    247,
    249,
    250,
    250,
    256,
    263,
    263,
    266,
    267,
    266,
    266,
    266,
    265,
    264,
    262,
    260,
    260,
    260,
    262,
    265,
    266,
    266,
    267,
    269,
    269,
    270,
    270,
    270,
    270,
    270,
    270,
    270
  ],