{"drawing": {
  "avgAccel": 2.190534830093384,
  "stdSpeed": 5.5225510597229,
  "yPos": [
    265,
    265,
    265,
    264,
    258,
    243,
    238,
    222,
    213,
    200,
    200,
    197,
    197,
    198,
    208,
    212,
    217,
    216,
    210,
    199,
    199,
    188,
    185,
    179,
    175,
    175,
    182,
    182,
    185,
    199,
    205,
    211,
    216,
    217,
    218,
    220,
    221,
    222,
    221,
    220,
    217,
    217,
    215,
    212,
    212,
    209,
    206,
    204,
    198,
    191,
    186,
    184,
    183,
    180,
    177,
    176,
    174,
    171,
    169,
    167,
    164,
    164,
    163,
    162,
    162,
    162,
    162,
    168,
    168,
    174,
    177,
    180,
    184,
    187,
    190,
    192,
    192,
    190,
    189,
    186,
    183,
    182,
    182,
    184,
    185,
    188,
    191,
    193,
    204,
    205,
    206,
    207,
    207,
    205,
    200,
    197,
    196,
    194,
    194,
    200,
    204,
    206,
    216,
    218,
    221,
    228,
    232,
    236,
    236,
    237,
    237,
    236,
    233,
    223,
    218,
    218,
    218,
    216,
    216,
    218,
    226,
    232,
    234,
    238,
    245,
    251,
    252,
    254,
    257,
    266,
    275,
    275,
    284,
    284,
    291,
    295,
    295,
    294,
    293,
    293,
    282,
    277,
    277,
    277,
    277,
    281,
    293,
    299,
    309,
    314,
    328,
    332,
    332,
    346,
    349,
    351,
    354,
    356,
    360,
    364,
    369,
    373,
    377,
    377,
    385,
    385,
    385,
    383,
    383,
    372,
    365,
    364,
    363,
    362,
    365,
    370,
    378,
    382,
    382,
    382,
    384,
    386,
    387,
    387,
    387,
    387
  ],
  "stdAccel": 3.3008644580841064,
  "receivedX": [],
  "timeBeforeEval": [4991],
  "timeDrawing": [],
  "receivedY": [],
  "xPos": [
    300,
    300,
    300,
    299,
    294,
    283,
    280,
    273,
    272,
    276,
    276,
    282,
    286,
    288,
    296,
    300,
    313,
    323,
    336,
    343,
    343,
    341,
    338,
    332,
    323,
    321,
    311,
    311,
    308,
    303,
    303,
    304,
    309,
    311,
    312,
    317,
    321,
    324,
    333,
    338,
    346,
    346,
    350,
    351,
    351,
    352,
    352,
    352,
    351,
    350,
    348,
    348,
    347,
    346,
    346,
    346,
    345,
    345,
    345,
    345,
    345,
    344,
    344,
    341,
    341,
    337,
    335,
    330,
    330,
    328,
    328,
    327,
    327,
    327,
    327,
    328,
    329,
    330,
    330,
    330,
    329,
    327,
    327,
    324,
    322,
    318,
    316,
    315,
    315,
    315,
    316,
    319,
    319,
    322,
    322,
    322,
    321,
    318,
    316,
    313,
    312,
    312,
    313,
    313,
    313,
    313,
    314,
    315,
    315,
    317,
    321,
    323,
    327,
    329,
    326,
    326,
    326,
    322,
    322,
    319,
    317,
    315,
    315,
    316,
    317,
    318,
    318,
    318,
    318,
    316,
    316,
    316,
    316,
    316,
    319,
    322,
    323,
    324,
    330,
    332,
    332,
    330,
    330,
    327,
    327,
    322,
    314,
    312,
    312,
    313,
    325,
    328,
    328,
    342,
    345,
    345,
    344,
    343,
    340,
    337,
    335,
    334,
    336,
    336,
    347,
    347,
    360,
    372,
    372,
    379,
    377,
    375,
    373,
    367,
    365,
    365,
    367,
    372,
    373,
    373,
    379,
    386,
    388,
    388,
    388,
    388
  ],
  "velY": [
    0,
    0,
    0,
    -1.4142135381698608,
    -8.450433731079102,
    -20.966527938842773,
    -6.859943866729736,
    -21.071619033813477,
    -9.938837051391602,
    -16.24824333190918,
    0,
    -4.0249223709106445,
    0,
    1.3416407108306885,
    14.055638313293457,
    5.656854152679443,
    6.461623191833496,
    -1.0945409536361694,
    -7.9621052742004395,
    -15.185907363891602,
    0,
    -12.790308952331543,
    -4.242640972137451,
    -8.485281944274902,
    -5.279799938201904,
    0,
    9.748860359191895,
    0,
    4.242640972137451,
    17.893096923828125,
    6,
    6.904757022857666,
    7.071067810058594,
    1.3416407108306885,
    1.4142135381698608,
    2.5997347831726074,
    1.2126781940460205,
    1.2649110555648804,
    -1.104315161705017,
    -1.17669677734375,
    -3.8623580932617188,
    0,
    -2.683281421661377,
    -3.7947330474853516,
    0,
    -3.7947330474853516,
    -3,
    -2,
    -6.904757022857666,
    -7.919595718383789,
    -6.4993367195129395,
    -2,
    -1.4142135381698608,
    -3.7947330474853516,
    -3,
    -1,
    -2.683281421661377,
    -3,
    -2,
    -2,
    -3,
    0,
    -1,
    -1.2649110555648804,
    0,
    0,
    0,
    8.450433731079102,
    0,
    7.589466094970703,
    3,
    3.7947330474853516,
    4,
    3,
    3,
    2.683281421661377,
    0,
    -2.683281421661377,
    -1,
    -3,
    -3.7947330474853516,
    -1.3416407108306885,
    0,
    2.773500919342041,
    1.3416407108306885,
    4.199999809265137,
    4.160251617431641,
    2.683281421661377,
    11,
    1,
    1.4142135381698608,
    1.2649110555648804,
    0,
    -2.773500919342041,
    -5,
    -3,
    -1.4142135381698608,
    -2.773500919342041,
    0,
    8.049844741821289,
    4.850712776184082,
    2,
    10.945409774780273,
    2,
    3,
    7,
    4.850712776184082,
    4.850712776184082,
    0,
    1.3416407108306885,
    0,
    -1.3416407108306885,
    -4.199999809265137,
    -11.7669677734375,
    -6.859943866729736,
    0,
    0,
    -2.683281421661377,
    0,
    2.773500919342041,
    9.701425552368164,
    7.589466094970703,
    2,
    4.850712776184082,
    7.919595718383789,
    6.904757022857666,
    1,
    2,
    3,
    10.738058090209961,
    9,
    0,
    9,
    0,
    9.191450119018555,
    5.599999904632568,
    0,
    -1.4142135381698608,
    -1.1507928371429443,
    0,
    -11,
    -6.4993367195129395,
    0,
    0,
    0,
    5.622255325317383,
    16.641006469726562,
    7.589466094970703,
    10,
    5.88348388671875,
    19.740671157836914,
    5.599999904632568,
    0,
    19.79899024963379,
    4.242640972137451,
    2,
    3.7947330474853516,
    2.683281421661377,
    5.599999904632568,
    5.599999904632568,
    6.4993367195129395,
    4.850712776184082,
    5.366562843322754,
    0,
    11.175261497497559,
    0,
    0,
    -2.3015856742858887,
    0,
    -15.185907363891602,
    -8.653715133666992,
    -1.3416407108306885,
    -1.3416407108306885,
    -1.1507928371429443,
    4.160251617431641,
    5,
    9.701425552368164,
    5.622255325317383,
    0,
    0,
    2.5298221111297607,
    2.472490072250366,
    1.3416407108306885,
    0,
    0,
    0
  ],