{"drawing": {
  "avgAccel": 2.3799726963043213,
  "stdSpeed": 8.199329376220703,
  "yPos": [
    222,
    223,
    224,
    225,
    226,
    228,
    232,
    232,
    232,
    233,
    232,
    230,
    229,
    226,
    224,
    223,
    220,
    218,
    216,
    214,
    213,
    213,
    212,
    213,
    214,
    215,
    217,
    218,
    219,
    220,
    224,
    228,
    234,
    236,
    241,
    246,
    249,
    251,
    252,
    251,
    250,
    247,
    236,
    223,
    223,
    217,
    206,
    203,
    195,
    190,
    186,
    185,
    185,
    187,
    188,
    190,
    191,
    191,
    201,
    201,
    208,
    210,
    219,
    224,
    231,
    231,
    235,
    246,
    246,
    246,
    255,
    256,
    263,
    265,
    267,
    269,
    270,
    275,
    278,
    279,
    281,
    283,
    284,
    284,
    282,
    281,
    272,
    262,
    257,
    248,
    232,
    225,
    211,
    191,
    191,
    183,
    175,
    163,
    155,
    151,
    154,
    160,
    165,
    170,
    190,
    204,
    210,
    231,
    248,
    270,
    278,
    281,
    289,
    299,
    305,
    306,
    309,
    310,
    313,
    315,
    317,
    317,
    317,
    317,
    317,
    317,
    320,
    325,
    327,
    331,
    333,
    335,
    337,
    340,
    342,
    344,
    347,
    348,
    347,
    346,
    345,
    341,
    341,
    336,
    332,
    332,
    331,
    331,
    331,
    332,
    332,
    333,
    333,
    341,
    341,
    347,
    349,
    349,
    351,
    352,
    353,
    354,
    354,
    354,
    353,
    352,
    350,
    350,
    344,
    343,
    343,
    340,
    340,
    340,
    340,
    341,
    342,
    342,
    345,
    349,
    352,
    353,
    356,
    354,
    352,
    337,
    331,
    309,
    309,
    271,
    271,
    253,
    246,
    243,
    241,
    240,
    241,
    242,
    242,
    242,
    242,
    242,
    242,
    242,
    242,
    242,
    242,
    242,
    242,
    242,
    242,
    242,
    242,
    241,
    241
  ],
  "stdAccel": 2.9250497817993164,
  "receivedX": [],
  "timeBeforeEval": [4690],
  "timeDrawing": [],
  "receivedY": [],
  "xPos": [
    233,
    234,
    234,
    236,
    237,
    242,
    255,
    259,
    263,
    274,
    283,
    295,
    298,
    303,
    303,
    303,
    303,
    302,
    301,
    298,
    294,
    293,
    291,
    289,
    287,
    286,
    284,
    283,
    283,
    283,
    283,
    283,
    283,
    283,
    284,
    287,
    292,
    297,
    310,
    325,
    331,
    339,
    346,
    347,
    347,
    346,
    343,
    341,
    335,
    329,
    318,
    314,
    308,
    299,
    293,
    287,
    285,
    284,
    276,
    276,
    272,
    271,
    269,
    267,
    266,
    266,
    265,
    265,
    265,
    265,
    265,
    266,
    268,
    268,
    269,
    271,
    272,
    279,
    283,
    285,
    289,
    299,
    303,
    313,
    329,
    334,
    349,
    358,
    362,
    366,
    368,
    368,
    367,
    362,
    362,
    358,
    352,
    341,
    327,
    304,
    289,
    279,
    273,
    266,
    248,
    239,
    237,
    233,
    233,
    236,
    238,
    238,
    241,
    247,
    252,
    253,
    257,
    259,
    265,
    270,
    276,
    279,
    281,
    282,
    283,
    283,
    285,
    287,
    287,
    288,
    288,
    288,
    288,
    289,
    290,
    291,
    296,
    299,
    310,
    313,
    315,
    316,
    316,
    315,
    313,
    312,
    310,
    308,
    307,
    304,
    304,
    304,
    303,
    303,
    303,
    305,
    306,
    307,
    308,
    311,
    312,
    315,
    317,
    327,
    330,
    332,
    336,
    336,
    341,
    341,
    341,
    338,
    336,
    334,
    334,
    331,
    330,
    330,
    330,
    331,
    333,
    335,
    346,
    362,
    367,
    390,
    397,
    408,
    408,
    425,
    425,
    445,
    454,
    459,
    466,
    496,
    500,
    502,
    503,
    503,
    503,
    503,
    503,
    503,
    503,
    503,
    503,
    503,
    503,
    503,
    503,
    503,
    503,
    503,
    503
  ],
  "velY": [
    0,
    1.4142135381698608,
    1,
    1.3416407108306885,
    1.4142135381698608,
    2.5997347831726074,
    4.999459266662598,
    0,
    0,
    1.0864289999008179,
    -1.104315161705017,
    -2.3015856742858887,
    -1.2649110555648804,
    -4.115966320037842,
    -2,
    -1,
    -3,
    -2.683281421661377,
    -2.683281421661377,
    -2.773500919342041,
    -1.2126781940460205,
    0,
    -1.3416407108306885,
    1.3416407108306885,
    1.3416407108306885,
    1.4142135381698608,
    2.8284270763397217,
    1.4142135381698608,
    1,
    1,
    4,
    4,
    6,
    2,
    5.88348388671875,
    6.859943866729736,
    4.115966320037842,
    2.5997347831726074,
    1.0737509727478027,
    -1.0643041133880615,
    -1.1507928371429443,
    -3.8623580932617188,
    -15.185907363891602,
    -13.958763122558594,
    0,
    -6.904757022857666,
    -13.506692886352539,
    -4.160251617431641,
    -11.199999809265137,
    -7.042028427124023,
    -5.12614631652832,
    -1.2126781940460205,
    0,
    2.386234998703003,
    1.1507928371429443,
    2.5298221111297607,
    1.3416407108306885,
    0,
    14.055638313293457,
    0,
    9.550674438476562,
    2.683281421661377,
    10.738058090209961,
    6.4993367195129395,
    7.919595718383789,
    0,
    4.850712776184082,
    11,
    0,
    0,
    9,
    1.4142135381698608,
    8.653715133666992,
    2,
    2.683281421661377,
    2.8284270763397217,
    1.4142135381698608,
    6.974858283996582,
    4.199999809265137,
    1.3416407108306885,
    2.683281421661377,
    2.3533935546875,
    1.2126781940460205,
    0,
    -2.2326252460479736,
    -1.17669677734375,
    -12.347898483276367,
    -14.122589111328125,
    -7.0278191566467285,
    -11.879549980163574,
    -17.86100196838379,
    -7,
    -14.961880683898926,
    -24.253562927246094,
    0,
    -10.733125686645508,
    -11.199999809265137,
    -16.954545974731445,
    -10.915056228637695,
    -4.626211643218994,
    3.530090570449829,
    8.231932640075684,
    7.042028427124023,
    6.974858283996582,
    28.24517822265625,
    19.347105026245117,
    7.589466094970703,
    24.55846405029297,
    17,
    24.770753860473633,
    9.701425552368164,
    3,
    10.29962158203125,
    13.719887733459473,
    8.450433731079102,
    1.4142135381698608,
    4.199999809265137,
    1.3416407108306885,
    4.0249223709106445,
    2.5997347831726074,
    2.5298221111297607,
    0,
    0,
    0,
    0,
    0,
    4.160251617431641,
    6.4993367195129395,
    2,
    4.850712776184082,
    2,
    2,
    2,
    3.7947330474853516,
    2.683281421661377,
    2.683281421661377,
    4.115966320037842,
    1.2649110555648804,
    -1.0864289999008179,
    -1.2649110555648804,
    -1.3416407108306885,
    -4.850712776184082,
    0,
    -5.88348388671875,
    -5.366562843322754,
    0,
    -1.3416407108306885,
    0,
    0,
    1.2649110555648804,
    0,
    1,
    0,
    8,
    0,
    7.589466094970703,
    2.683281421661377,
    0,
    2.683281421661377,
    1.2649110555648804,
    1.4142135381698608,
    1.2649110555648804,
    0,
    0,
    -1.2649110555648804,
    -1.3416407108306885,
    -2.683281421661377,
    0,
    -8.450433731079102,
    -1,
    0,
    -4.242640972137451,
    0,
    0,
    0,
    1.2649110555648804,
    1.4142135381698608,
    0,
    3,
    4.850712776184082,
    4.160251617431641,
    1.3416407108306885,
    3.6836435794830322,
    -2.2326252460479736,
    -2.5997347831726074,
    -20.758174896240234,
    -8.460288047790527,
    -29.516096115112305,
    0,
    -50.20500183105469,
    0,
    -25.4206600189209,
    -9.823049545288086,
    -4.115966320037842,
    -2.472490072250366,
    -1.032759666442871,
    1.2126781940460205,
    1.3416407108306885,
    0,
    0,
    0,
    0,
    0,
    0,
    0,
    0,
    0,
    0,
    0,
    0,
    0,
    0,
    0,
    -1,
    0
  ],