{"drawing": {
  "avgAccel": 1.2466806173324585,
  "stdSpeed": 5.764781475067139,
  "yPos": [
    250,
    250,
    251,
    255,
    255,
    256,
    258,
    260,
    261,
    262,
    263,
    263,
    262,
    261,
    259,
    258,
    257,
    253,
    251,
    248,
    247,
    247,
    246,
    247,
    247,
    248,
    249,
    250,
    251,
    253,
    254,
    257,
    260,
    266,
    268,
    270,
    271,
    273,
    274,
    276,
    277,
    278,
    278,
    278,
    277,
    276,
    275,
    275,
    273,
    270,
    269,
    268,
    267,
    266,
    265,
    265,
    265,
    265,
    265,
    265,
    266,
    267,
    268,
    268,
    276,
    278,
    281,
    282,
    288,
    288,
    298,
    301,
    306,
    309,
    311,
    311,
    321,
    323,
    325,
    326,
    327,
    327,
    325,
    318,
    315,
    308,
    308,
    308,
    299,
    273,
    266,
    263,
    260,
    260,
    253,
    235,
    223,
    219,
    214,
    214,
    198,
    191,
    188,
    186,
    184,
    182,
    178,
    173,
    168,
    165,
    163,
    163,
    156,
    152,
    149,
    144,
    142,
    142,
    142,
    142,
    141,
    141,
    142,
    142,
    144,
    146,
    147,
    147,
    147,
    146,
    145,
    144,
    140,
    140,
    135,
    132,
    128,
    126,
    123,
    121,
    117,
    115,
    115,
    114,
    114,
    113,
    113,
    112,
    111,
    108,
    103,
    100,
    91,
    87,
    82,
    80,
    77,
    76,
    72,
    70,
    67,
    66,
    65,
    64,
    64,
    63,
    63,
    63,
    63,
    63,
    63,
    63,
    63
  ],
  "stdAccel": 1.6181625127792358,
  "receivedX": [],
  "timeBeforeEval": [3141],
  "timeDrawing": [],
  "receivedY": [],
  "xPos": [
    172,
    172,
    172,
    175,
    175,
    176,
    178,
    179,
    183,
    186,
    194,
    198,
    207,
    210,
    214,
    215,
    216,
    217,
    217,
    216,
    215,
    214,
    213,
    212,
    212,
    209,
    208,
    206,
    205,
    204,
    204,
    203,
    203,
    203,
    204,
    204,
    205,
    207,
    209,
    213,
    216,
    220,
    228,
    233,
    243,
    249,
    251,
    252,
    253,
    253,
    253,
    253,
    251,
    250,
    249,
    248,
    246,
    245,
    243,
    242,
    240,
    239,
    239,
    239,
    237,
    238,
    239,
    239,
    243,
    243,
    252,
    256,
    264,
    269,
    275,
    275,
    294,
    298,
    304,
    305,
    308,
    308,
    321,
    337,
    345,
    359,
    359,
    359,
    367,
    378,
    380,
    380,
    380,
    380,
    380,
    376,
    371,
    368,
    364,
    364,
    344,
    338,
    335,
    333,
    331,
    330,
    326,
    324,
    322,
    322,
    322,
    322,
    322,
    323,
    324,
    326,
    329,
    331,
    333,
    334,
    337,
    339,
    342,
    344,
    347,
    352,
    355,
    361,
    365,
    372,
    376,
    378,
    381,
    381,
    384,
    384,
    385,
    384,
    382,
    381,
    377,
    375,
    375,
    373,
    373,
    372,
    371,
    368,
    366,
    361,
    356,
    353,
    347,
    345,
    343,
    342,
    342,
    342,
    345,
    347,
    351,
    354,
    359,
    362,
    369,
    372,
    375,
    375,
    375,
    375,
    375,
    375,
    375
  ],
  "velY": [
    0,
    0,
    1,
    5.599999904632568,
    0,
    1.4142135381698608,
    2.8284270763397217,
    2.683281421661377,
    1.2126781940460205,
    1.2649110555648804,
    1.1163126230239868,
    0,
    -1.104315161705017,
    -1.2649110555648804,
    -2.683281421661377,
    -1.4142135381698608,
    -1.4142135381698608,
    -4.850712776184082,
    -2,
    -3.7947330474853516,
    -1.4142135381698608,
    0,
    -1.4142135381698608,
    1.4142135381698608,
    0,
    1.2649110555648804,
    1.4142135381698608,
    1.3416407108306885,
    1.4142135381698608,
    2.683281421661377,
    1,
    3.7947330474853516,
    3,
    6,
    2.683281421661377,
    2,
    1.4142135381698608,
    2.8284270763397217,
    1.3416407108306885,
    2.683281421661377,
    1.2649110555648804,
    1.2126781940460205,
    0,
    0,
    -1.0945409536361694,
    -1.1507928371429443,
    -1.3416407108306885,
    0,
    -2.683281421661377,
    -3,
    -1,
    -1,
    -1.3416407108306885,
    -1.4142135381698608,
    -1.4142135381698608,
    0,
    0,
    0,
    0,
    0,
    1.3416407108306885,
    1.4142135381698608,
    1,
    0,
    9.701425552368164,
    2.683281421661377,
    3.7947330474853516,
    1,
    8.320503234863281,
    0,
    14.122589111328125,
    4.199999809265137,
    6.889986515045166,
    4.115966320037842,
    2.5298221111297607,
    0,
    13.506646156311035,
    2.683281421661377,
    2.5298221111297607,
    1.4142135381698608,
    1.2649110555648804,
    0,
    -2.280857801437378,
    -9.218833923339844,
    -3.8623580932617188,
    -9.391485214233398,
    0,
    0,
    -12.705958366394043,
    -34.07579040527344,
    -8.653715133666992,
    -3,
    -3,
    0,
    -7,
    -21.476116180419922,
    -15.692307472229004,
    -5.599999904632568,
    -7.0278191566467285,
    0,
    -22.48902130126953,
    -9.870335578918457,
    -4.242640972137451,
    -2.8284270763397217,
    -2.8284270763397217,
    -2.683281421661377,
    -5.656854152679443,
    -6.4993367195129395,
    -6.4993367195129395,
    -3,
    -2,
    0,
    -7,
    -4.850712776184082,
    -3.7947330474853516,
    -6.4993367195129395,
    -2.773500919342041,
    0,
    0,
    0,
    -1.2649110555648804,
    0,
    1.2649110555648804,
    0,
    2.773500919342041,
    2.5997347831726074,
    1.2649110555648804,
    0,
    0,
    -1.1313709020614624,
    -1.2126781940460205,
    -1.3416407108306885,
    -5.599999904632568,
    0,
    -6.859943866729736,
    -3,
    -4.850712776184082,
    -2.683281421661377,
    -4.160251617431641,
    -2.683281421661377,
    -5.656854152679443,
    -2.8284270763397217,
    0,
    -1.3416407108306885,
    0,
    -1.4142135381698608,
    0,
    -1.2649110555648804,
    -1.3416407108306885,
    -4.115966320037842,
    -7.071067810058594,
    -4.242640972137451,
    -12.480753898620605,
    -5.366562843322754,
    -6.4993367195129395,
    -2.683281421661377,
    -3,
    -1,
    -5.599999904632568,
    -2.8284270763397217,
    -4.199999809265137,
    -1.2649110555648804,
    -1.17669677734375,
    -1.2649110555648804,
    0,
    -1.2649110555648804,
    0,
    0,
    0,
    0,
    0,
    0,
    0
  ],