{"drawing": {
  "avgAccel": 2.794999837875366,
  "stdSpeed": 9.18235969543457,
  "yPos": [
    297,
    297,
    298,
    298,
    299,
    300,
    300,
    301,
    301,
    301,
    303,
    304,
    306,
    306,
    306,
    306,
    306,
    307,
    307,
    307,
    306,
    306,
    307,
    308,
    308,
    309,
    308,
    308,
    307,
    307,
    307,
    307,
    307,
    307,
    307,
    307,
    307,
    307,
    307,
    307,
    307,
    307,
    307,
    307,
    306,
    305,
    298,
    290,
    263,
    247,
    235,
    224,
    221,
    216,
    214,
    211,
    210,
    210,
    210,
    210,
    210,
    210,
    210,
    210,
    210,
    210,
    210,
    210,
    210,
    210,
    210,
    209,
    208,
    204,
    201,
    197,
    197,
    197,
    189,
    189,
    189,
    189,
    189,
    189,
    189,
    189,
    189,
    190,
    193,
    216,
    257,
    281,
    322,
    339,
    353,
    353,
    377,
    378,
    379,
    379,
    379,
    379,
    379,
    379,
    379,
    379,
    379,
    379,
    379,
    379,
    379,
    379,
    379,
    379,
    379,
    379,
    379,
    379,
    379,
    379,
    379,
    379,
    379,
    379,
    379,
    380,
    380,
    381,
    381,
    381,
    382,
    383,
    383,
    383,
    383,
    383,
    384,
    384,
    384,
    384,
    384,
    384,
    384,
    384,
    385,
    385,
    385,
    385,
    385,
    385,
    385,
    385,
    385,
    385,
    385,
    385,
    383,
    383,
    380,
    372,
    366,
    339,
    320,
    286,
    277,
    271,
    271,
    270,
    270,
    270,
    270,
    270,
    270,
    270,
    270,
    270,
    270,
    270,
    270,
    270,
    270,
    270,
    270,
    270,
    270,
    270,
    269,
    265,
    264,
    263,
    263,
    263,
    263,
    263,
    263,
    263,
    264,
    269,
    269,
    269,
    326,
    356,
    366,
    371,
    381,
    381,
    385,
    386,
    386,
    386,
    386,
    386,
    386,
    386,
    386,
    386,
    386,
    386,
    386,
    386,
    386,
    386,
    386,
    386,
    386,
    386,
    386,
    386,
    386,
    386,
    386,
    386,
    386,
    386,
    386,
    386,
    386,
    386,
    386,
    386,
    386,
    386,
    386,
    384,
    382,
    370,
    347,
    334,
    321,
    301
  ],
  "stdAccel": 6.8308634757995605,
  "receivedX": [],
  "timeBeforeEval": [4966],
  "timeDrawing": [],
  "receivedY": [],
  "xPos": [
    197,
    197,
    198,
    201,
    203,
    207,
    209,
    216,
    221,
    221,
    235,
    248,
    259,
    272,
    272,
    272,
    287,
    302,
    324,
    331,
    339,
    339,
    378,
    388,
    402,
    409,
    415,
    415,
    434,
    437,
    439,
    439,
    439,
    439,
    439,
    439,
    440,
    440,
    440,
    440,
    440,
    441,
    441,
    441,
    441,
    441,
    441,
    442,
    445,
    446,
    448,
    448,
    449,
    449,
    449,
    450,
    450,
    450,
    450,
    450,
    450,
    450,
    450,
    450,
    450,
    450,
    450,
    450,
    450,
    450,
    450,
    449,
    448,
    440,
    433,
    424,
    424,
    424,
    401,
    398,
    398,
    398,
    398,
    398,
    398,
    398,
    398,
    398,
    398,
    395,
    392,
    391,
    389,
    388,
    387,
    387,
    387,
    387,
    387,
    387,
    387,
    387,
    387,
    387,
    387,
    387,
    387,
    387,
    387,
    387,
    387,
    387,
    387,
    387,
    387,
    387,
    387,
    387,
    387,
    388,
    388,
    388,
    389,
    390,
    391,
    394,
    396,
    401,
    405,
    410,
    419,
    428,
    433,
    437,
    448,
    454,
    464,
    470,
    472,
    474,
    476,
    477,
    478,
    479,
    481,
    481,
    482,
    482,
    482,
    482,
    482,
    482,
    482,
    482,
    482,
    482,
    482,
    482,
    482,
    482,
    483,
    487,
    490,
    493,
    493,
    494,
    494,
    494,
    494,
    494,
    494,
    494,
    494,
    494,
    494,
    494,
    494,
    494,
    494,
    494,
    494,
    494,
    494,
    497,
    501,
    513,
    520,
    534,
    539,
    546,
    547,
    547,
    547,
    547,
    547,
    547,
    547,
    548,
    548,
    548,
    547,
    544,
    544,
    544,
    544,
    544,
    544,
    544,
    544,
    544,
    544,
    544,
    544,
    544,
    544,
    544,
    544,
    544,
    544,
    544,
    544,
    544,
    544,
    544,
    544,
    544,
    544,
    544,
    544,
    544,
    544,
    544,
    544,
    544,
    544,
    544,
    544,
    544,
    544,
    544,
    544,
    544,
    545,
    548,
    551,
    563,
    582,
    590,
    596,
    601
  ],
  "velY": [
    0,
    0,
    1.4142135381698608,
    0,
    1.3416407108306885,
    1.2126781940460205,
    0,
    1.1313709020614624,
    0,
    0,
    2.262741804122925,
    1.0737509727478027,
    2.3255107402801514,
    0,
    0,
    0,
    0,
    1.0643041133880615,
    0,
    0,
    -1.1163126230239868,
    0,
    1.0253040790557861,
    1.0945409536361694,
    0,
    1.1313709020614624,
    -1.1507928371429443,
    0,
    -1.05117666721344,
    0,
    0,
    0,
    0,
    0,
    0,
    0,
    0,
    0,
    0,
    0,
    0,
    0,
    0,
    0,
    -1,
    -1,
    -7,
    -8.930500984191895,
    -29.816513061523438,
    -16.966894149780273,
    -13.809514045715332,
    -11,
    -3.7947330474853516,
    -5,
    -2,
    -3.7947330474853516,
    -1,
    0,
    0,
    0,
    0,
    0,
    0,
    0,
    0,
    0,
    0,
    0,
    0,
    0,
    0,
    -1.4142135381698608,
    -1.4142135381698608,
    -5.366562843322754,
    -3.9391930103302,
    -5.279799938201904,
    0,
    0,
    -10.184139251708984,
    0,
    0,
    0,
    0,
    0,
    0,
    0,
    0,
    1,
    3,
    25.781612396240234,
    43.882686614990234,
    24.97832679748535,
    42.94893264770508,
    17.96893882751465,
    14.961880683898926,
    0,
    24,
    1,
    1,
    0,
    0,
    0,
    0,
    0,
    0,
    0,
    0,
    0,
    0,
    0,
    0,
    0,
    0,
    0,
    0,
    0,
    0,
    0,
    0,
    0,
    0,
    0,
    0,
    0,
    0,
    1.2649110555648804,
    0,
    1.17669677734375,
    0,
    0,
    1.104315161705017,
    1.104315161705017,
    0,
    0,
    0,
    0,
    1.0945409536361694,
    0,
    0,
    0,
    0,
    0,
    0,
    0,
    1.3416407108306885,
    0,
    0,
    0,
    0,
    0,
    0,
    0,
    0,
    0,
    0,
    0,
    -2,
    0,
    -3,
    -8,
    -6.904757022857666,
    -30.665307998657227,
    -21.730785369873047,
    -36.85680389404297,
    -9,
    -6.904757022857666,
    0,
    -1,
    0,
    0,
    0,
    0,
    0,
    0,
    0,
    0,
    0,
    0,
    0,
    0,
    0,
    0,
    0,
    0,
    0,
    0,
    -1.1313709020614624,
    -4.944980144500732,
    -1.17669677734375,
    -1.1313709020614624,
    0,
    0,
    0,
    0,
    0,
    0,
    1,
    5.88348388671875,
    0,
    0,
    57.9910774230957,
    32.83622741699219,
    10,
    5,
    10,
    0,
    4,
    1,
    0,
    0,
    0,
    0,
    0,
    0,
    0,
    0,
    0,
    0,
    0,
    0,
    0,
    0,
    0,
    0,
    0,
    0,
    0,
    0,
    0,
    0,
    0,
    0,
    0,
    0,
    0,
    0,
    0,
    0,
    0,
    0,
    0,
    0,
    0,
    -2.773500919342041,
    -2.773500919342041,
    -16.970563888549805,
    -32.380393981933594,
    -17.884824752807617,
    -17.25122833251953,
    -24.253562927246094
  ],