{"drawing": {
  "avgAccel": 3.4777722358703613,
  "stdSpeed": 12.324654579162598,
  "yPos": [
    401,
    402,
    402,
    402,
    402,
    401,
    399,
    397,
    389,
    382,
    374,
    355,
    332,
    311,
    297,
    265,
    265,
    228,
    190,
    177,
    156,
    156,
    148,
    133,
    114,
    106,
    94,
    82,
    76,
    68,
    65,
    60,
    57,
    57,
    57,
    58,
    59,
    59,
    61,
    62,
    70,
    76,
    87,
    101,
    107,
    117,
    124,
    139,
    146,
    163,
    182,
    189,
    212,
    224,
    245,
    256,
    273,
    284,
    290,
    302,
    307,
    314,
    318,
    326,
    328,
    335,
    338,
    341,
    343,
    343,
    343,
    343,
    337,
    333,
    324,
    319,
    319,
    299,
    294,
    286,
    284,
    281,
    281,
    276,
    275,
    272,
    270,
    268,
    260,
    250,
    242,
    236,
    222,
    222,
    222,
    198,
    191,
    189,
    188,
    188,
    185,
    184,
    184,
    189,
    189,
    189,
    196,
    200,
    202,
    204,
    205,
    205,
    206,
    204,
    199,
    196,
    192,
    183,
    174,
    168,
    157,
    150,
    148,
    141,
    136,
    131,
    129,
    128,
    129,
    132,
    133,
    139,
    142,
    146,
    153,
    158,
    165,
    175,
    182,
    190,
    208,
    219,
    235,
    239,
    249,
    262,
    267,
    275,
    287,
    290,
    293,
    294,
    295,
    293,
    290,
    280,
    272,
    252,
    241,
    228,
    214,
    206,
    192,
    175,
    165,
    161,
    153,
    148,
    139,
    135,
    128,
    126,
    124,
    120,
    118,
    116,
    115,
    115,
    115,
    115,
    115,
    117,
    118,
    119,
    120,
    120,
    122,
    123,
    126,
    126,
    142,
    145,
    146,
    149,
    153,
    153,
    162,
    165,
    168,
    170,
    172,
    172,
    178,
    180,
    181,
    181,
    181,
    181,
    182,
    183,
    184,
    184,
    185,
    185,
    186,
    188,
    191,
    193,
    194,
    198,
    201,
    205,
    207,
    211,
    213,
    217,
    219,
    224,
    226,
    230,
    231,
    234,
    236,
    236,
    237,
    238,
    239,
    240,
    243,
    244,
    245,
    247,
    248,
    249,
    250,
    251,
    252,
    253,
    252,
    251
  ],
  "stdAccel": 6.215444564819336,
  "receivedX": [],
  "timeBeforeEval": [1780],
  "timeDrawing": [],
  "receivedY": [],
  "xPos": [
    176,
    176,
    178,
    180,
    180,
    184,
    209,
    223,
    254,
    276,
    299,
    345,
    398,
    437,
    459,
    498,
    498,
    528,
    550,
    555,
    556,
    556,
    554,
    546,
    531,
    523,
    505,
    483,
    470,
    448,
    436,
    411,
    388,
    374,
    374,
    350,
    328,
    322,
    308,
    303,
    287,
    279,
    266,
    253,
    248,
    239,
    233,
    224,
    222,
    216,
    212,
    212,
    211,
    211,
    213,
    214,
    218,
    222,
    226,
    237,
    243,
    254,
    260,
    274,
    279,
    296,
    304,
    319,
    328,
    336,
    336,
    349,
    368,
    374,
    381,
    383,
    383,
    385,
    384,
    382,
    381,
    380,
    380,
    376,
    374,
    370,
    367,
    364,
    354,
    345,
    339,
    336,
    330,
    330,
    330,
    326,
    326,
    327,
    328,
    328,
    331,
    345,
    350,
    367,
    367,
    367,
    378,
    385,
    389,
    394,
    400,
    400,
    410,
    418,
    426,
    428,
    430,
    430,
    428,
    424,
    415,
    407,
    403,
    393,
    379,
    354,
    342,
    328,
    323,
    314,
    312,
    305,
    302,
    300,
    296,
    295,
    293,
    290,
    290,
    289,
    291,
    293,
    297,
    298,
    302,
    308,
    312,
    319,
    332,
    339,
    353,
    364,
    375,
    395,
    405,
    423,
    431,
    447,
    454,
    461,
    463,
    463,
    463,
    460,
    456,
    455,
    451,
    447,
    440,
    436,
    429,
    425,
    421,
    407,
    400,
    390,
    382,
    377,
    368,
    362,
    362,
    341,
    335,
    328,
    326,
    324,
    321,
    318,
    315,
    315,
    307,
    306,
    306,
    306,
    305,
    305,
    305,
    305,
    305,
    305,
    305,
    305,
    305,
    305,
    306,
    306,
    306,
    306,
    306,
    307,
    309,
    310,
    311,
    311,
    313,
    315,
    318,
    319,
    320,
    322,
    323,
    323,
    323,
    323,
    323,
    323,
    323,
    324,
    325,
    329,
    331,
    339,
    344,
    347,
    349,
    350,
    351,
    351,
    351,
    352,
    352,
    353,
    353,
    353,
    354,
    355,
    355,
    357,
    359,
    361
  ],