{"drawing": {
  "avgAccel": 14.979838371276855,
  "stdSpeed": 40.49951171875,
  "yPos": [
    257,
    256,
    245,
    234,
    212,
    205,
    198,
    197,
    197,
    213,
    239,
    323,
    359,
    384,
    381,
    367,
    344,
    284,
    248,
    237,
    233,
    233,
    240,
    253,
    318,
    318,
    357,
    368,
    368,
    357,
    293,
    204,
    188,
    174,
    174,
    168,
    160,
    137,
    127,
    116,
    116,
    117,
    117,
    118,
    124,
    137,
    208,
    259,
    349,
    384,
    410,
    408,
    399,
    371,
    346,
    272,
    244,
    184,
    171,
    167,
    168,
    172,
    183,
    270,
    374,
    425,
    449,
    471,
    472,
    469,
    459,
    403,
    331,
    261,
    239,
    223,
    221,
    218,
    218,
    221,
    229,
    264,
    300,
    362,
    394,
    394,
    434,
    437,
    431,
    399,
    336,
    336,
    248,
    206,
    195,
    182,
    176,
    170,
    161,
    159,
    161,
    166,
    175,
    185,
    207,
    309,
    350,
    367,
    385,
    385,
    382,
    355,
    308,
    263,
    245,
    245,
    219,
    159,
    128,
    113,
    104,
    104,
    107,
    134,
    196,
    222,
    285,
    285,
    338,
    352,
    358,
    350,
    334,
    314,
    290,
    258,
    256,
    253,
    261,
    278,
    333,
    355,
    387,
    386,
    382,
    372,
    327,
    241,
    214,
    182,
    148,
    141,
    133,
    132,
    133,
    134,
    175,
    208,
    304,
    350,
    381,
    396,
    403,
    404,
    404,
    404,
    404,
    404,
    404,
    404,
    404,
    404,
    404,
    404,
    403,
    403,
    403,
    403,
    402,
    402
  ],
  "stdAccel": 22.355037689208984,
  "receivedX": [],
  "timeBeforeEval": [1681],
  "timeDrawing": [],
  "receivedY": [],
  "xPos": [
    173,
    174,
    184,
    192,
    202,
    204,
    206,
    207,
    207,
    207,
    208,
    217,
    224,
    242,
    269,
    301,
    343,
    442,
    494,
    504,
    507,
    505,
    486,
    468,
    422,
    422,
    411,
    411,
    415,
    429,
    487,
    560,
    574,
    585,
    585,
    573,
    554,
    485,
    435,
    348,
    302,
    249,
    232,
    224,
    225,
    230,
    258,
    280,
    329,
    357,
    400,
    407,
    416,
    419,
    414,
    386,
    372,
    339,
    334,
    334,
    337,
    340,
    345,
    371,
    394,
    404,
    409,
    416,
    417,
    422,
    429,
    450,
    468,
    489,
    499,
    506,
    507,
    507,
    504,
    472,
    442,
    363,
    307,
    232,
    203,
    203,
    176,
    176,
    187,
    227,
    282,
    282,
    336,
    361,
    364,
    364,
    362,
    359,
    349,
    344,
    338,
    334,
    330,
    328,
    326,
    347,
    382,
    408,
    454,
    454,
    483,
    522,
    555,
    568,
    568,
    568,
    555,
    465,
    391,
    345,
    301,
    301,
    217,
    195,
    192,
    196,
    223,
    223,
    288,
    324,
    366,
    437,
    472,
    502,
    527,
    545,
    544,
    520,
    458,
    412,
    351,
    340,
    331,
    332,
    334,
    339,
    359,
    394,
    406,
    420,
    437,
    439,
    441,
    441,
    441,
    440,
    422,
    410,
    383,
    375,
    372,
    371,
    370,
    370,
    370,
    370,
    370,
    370,
    370,
    370,
    370,
    370,
    370,
    370,
    370,
    370,
    370,
    370,
    370,
    370
  ],
  "velY": [
    0,
    -1.4142135381698608,
    -15.538741111755371,
    -15.365984916687012,
    -29.13172721862793,
    -8.653715133666992,
    -8.653715133666992,
    -1.4142135381698608,
    0,
    16,
    26.980051040649414,
    92.47074890136719,
    42.20946502685547,
    34.89597702026367,
    -3.31294584274292,
    -18.437667846679688,
    -31.220449447631836,
    -82.40997314453125,
    -50.09048080444336,
    -15.538741111755371,
    -5.599999904632568,
    0,
    8.9883394241333,
    18.15020751953125,
    90.60610961914062,
    0,
    48.12248611450195,
    11,
    0,
    -15.445539474487305,
    -90.40040588378906,
    -125.25558471679688,
    -22.577301025390625,
    -19.657958984375,
    0,
    -8.049844741821289,
    -10.4775390625,
    -29.092954635620117,
    -11.7669677734375,
    -12.292935371398926,
    0,
    1.0186866521835327,
    0,
    1.1163126230239868,
    6.904757022857666,
    16.800220489501953,
    92.0970230102539,
    67.0294189453125,
    122.07928466796875,
    49.19473648071289,
    35.701934814453125,
    -2.472490072250366,
    -12.727921485900879,
    -30.823583602905273,
    -29.41741943359375,
    -95.39920043945312,
    -37.565940856933594,
    -81.48808288574219,
    -16.800220489501953,
    -4,
    1.2649110555648804,
    5.599999904632568,
    14.565863609313965,
    108.26856231689453,
    124.00374603271484,
    59.860137939453125,
    28.390432357788086,
    27.63484764099121,
    1.4142135381698608,
    -4.115966320037842,
    -13.926942825317383,
    -72.09735107421875,
    -87.31282043457031,
    -87.16219329833984,
    -29.13172721862793,
    -21.071619033813477,
    -2.683281421661377,
    -3,
    0,
    3.2669248580932617,
    9.791180610656738,
    46.177337646484375,
    49.749698638916016,
    87.28913879394531,
    45.20020294189453,
    0,
    55.53286361694336,
    3,
    -8.140485763549805,
    -44.97804260253906,
    -88.89140319824219,
    0,
    -121.02982330322266,
    -57.5726203918457,
    -13.506692886352539,
    -13,
    -7.589466094970703,
    -8.049844741821289,
    -12.71033000946045,
    -2.5997347831726074,
    2.5298221111297607,
    7.0278191566467285,
    11.879549980163574,
    11.7669677734375,
    23.901437759399414,
    120.47322082519531,
    57.80290222167969,
    23.531723022460938,
    23.32155990600586,
    0,
    -3.2927727699279785,
    -37.5678596496582,
    -65.4730453491211,
    -55.7214241027832,
    -18,
    0,
    -34.882659912109375,
    -83.20502471923828,
    -40.57039260864258,
    -18.911256790161133,
    -10.621000289916992,
    0,
    3.105163335800171,
    37.986515045166016,
    64.92404174804688,
    29.651151657104492,
    82.7230453491211,
    0,
    74.5687255859375,
    18.122312545776367,
    6.788225173950195,
    -8.84543514251709,
    -21.203746795654297,
    -27.735010147094727,
    -33.93406295776367,
    -43.57877731323242,
    -2.683281421661377,
    -3.348937749862671,
    8.957993507385254,
    21.838958740234375,
    77.67790985107422,
    29.516096115112305,
    39.46868896484375,
    -1.4142135381698608,
    -5.366562843322754,
    -13.416407585144043,
    -59.39775085449219,
    -112.07402801513672,
    -35.638648986816406,
    -42.14323806762695,
    -45.61578369140625,
    -8.653715133666992,
    -9.701425552368164,
    -1,
    1,
    1.4142135381698608,
    54.02299880981445,
    42.29070281982422,
    118.40605926513672,
    53.20143127441406,
    33.84189987182617,
    15.96456241607666,
    7.919595718383789,
    1,
    0,
    0,
    0,
    0,
    0,
    0,
    0,
    0,
    0,
    0,
    -1,
    0,
    0,
    0,
    -1,
    0
  ],