{"drawing": {
  "avgAccel": 3.783681631088257,
  "stdSpeed": 18.404821395874023,
  "yPos": [
    181,
    181,
    181,
    179,
    176,
    172,
    161,
    149,
    141,
    139,
    139,
    139,
    139,
    139,
    140,
    140,
    139,
    139,
    137,
    137,
    139,
    144,
    145,
    144,
    142,
    130,
    123,
    109,
    103,
    97,
    96,
    96,
    103,
    115,
    160,
    186,
    216,
    219,
    219,
    213,
    205,
    188,
    181,
    177,
    167,
    162,
    161,
    161,
    161,
    161,
    161,
    161,
    161,
    161,
    161,
    161,
    161,
    161,
    161,
    161,
    161,
    161,
    161,
    161,
    161,
    161,
    161,
    161,
    161,
    161,
    161,
    161,
    161,
    161,
    161,
    161,
    161,
    161,
    161,
    161,
    162,
    162,
    162,
    162,
    162,
    162,
    162,
    162,
    162,
    162,
    162,
    162,
    162,
    162,
    162,
    162,
    162,
    162,
    162,
    162,
    162,
    162,
    162,
    162,
    162,
    162,
    161,
    159,
    159,
    156,
    156,
    137,
    131,
    122,
    121,
    119,
    119,
    129,
    137,
    161,
    172,
    179,
    183,
    189,
    190,
    188,
    184,
    171,
    156,
    151,
    142,
    139,
    134,
    133,
    133,
    136,
    145,
    156,
    158,
    160,
    159,
    151,
    146,
    129,
    124,
    124,
    125,
    129,
    147,
    162,
    207,
    232,
    234,
    234,
    230,
    223,
    199,
    185,
    157,
    139,
    135,
    133,
    132,
    133,
    142,
    154,
    191,
    218,
    223,
    225,
    226,
    212,
    190,
    180,
    180,
    167,
    160,
    154,
    152,
    154,
    154,
    154,
    165,
    207,
    211,
    212,
    212,
    212,
    206,
    161,
    151,
    137,
    137,
    127,
    119,
    117,
    119,
    131,
    131,
    153,
    188,
    195,
    203,
    208,
    208,
    198,
    186,
    172,
    151,
    143,
    133,
    129,
    123,
    119,
    122,
    125,
    131,
    147,
    153,
    167,
    173,
    179,
    180,
    179,
    179,
    178
  ],
  "stdAccel": 7.521578788757324,
  "receivedX": [],
  "timeBeforeEval": [1756],
  "timeDrawing": [],
  "receivedY": [],
  "xPos": [
    160,
    162,
    180,
    196,
    231,
    258,
    348,
    457,
    553,
    585,
    588,
    588,
    588,
    586,
    583,
    569,
    555,
    539,
    471,
    425,
    358,
    316,
    310,
    309,
    309,
    310,
    310,
    309,
    307,
    303,
    302,
    301,
    299,
    297,
    297,
    298,
    301,
    302,
    304,
    313,
    322,
    340,
    346,
    349,
    354,
    355,
    355,
    355,
    355,
    355,
    355,
    355,
    355,
    355,
    355,
    355,
    356,
    356,
    356,
    356,
    356,
    356,
    356,
    356,
    356,
    356,
    356,
    356,
    356,
    356,
    356,
    356,
    356,
    356,
    356,
    356,
    356,
    356,
    356,
    356,
    356,
    356,
    356,
    356,
    356,
    356,
    356,
    356,
    356,
    356,
    356,
    356,
    356,
    356,
    356,
    356,
    356,
    356,
    356,
    356,
    356,
    356,
    356,
    356,
    356,
    356,
    356,
    356,
    356,
    355,
    355,
    336,
    326,
    303,
    293,
    283,
    283,
    253,
    249,
    245,
    245,
    247,
    247,
    252,
    257,
    276,
    289,
    310,
    322,
    323,
    322,
    320,
    313,
    305,
    286,
    278,
    269,
    268,
    269,
    275,
    285,
    313,
    324,
    354,
    362,
    362,
    360,
    353,
    332,
    324,
    313,
    313,
    313,
    313,
    315,
    318,
    324,
    325,
    323,
    316,
    313,
    311,
    308,
    308,
    305,
    303,
    301,
    305,
    307,
    310,
    314,
    341,
    360,
    366,
    366,
    369,
    365,
    352,
    333,
    326,
    326,
    326,
    315,
    309,
    310,
    315,
    315,
    315,
    332,
    369,
    372,
    370,
    370,
    358,
    334,
    314,
    309,
    299,
    299,
    292,
    295,
    298,
    308,
    331,
    345,
    369,
    383,
    394,
    400,
    400,
    397,
    392,
    376,
    348,
    333,
    329,
    326,
    323,
    322,
    323,
    325,
    328,
    329,
    331,
    331,
    332
  ],