{"drawing": {
  "avgAccel": 4.14665412902832,
  "stdSpeed": 14.075502395629883,
  "yPos": [
    282,
    284,
    286,
    289,
    289,
    292,
    293,
    295,
    296,
    296,
    296,
    296,
    296,
    296,
    296,
    296,
    296,
    296,
    296,
    296,
    295,
    294,
    295,
    295,
    296,
    295,
    290,
    285,
    272,
    264,
    245,
    237,
    200,
    200,
    190,
    189,
    189,
    189,
    189,
    189,
    189,
    189,
    189,
    189,
    189,
    189,
    189,
    199,
    214,
    234,
    234,
    285,
    318,
    334,
    334,
    334,
    334,
    334,
    334,
    334,
    334,
    334,
    334,
    335,
    336,
    339,
    340,
    340,
    340,
    335,
    331,
    325,
    323,
    311,
    311,
    300,
    294,
    286,
    286,
    284,
    281,
    279,
    274,
    270,
    270,
    260,
    236,
    216,
    206,
    199,
    199,
    182,
    180,
    179,
    173,
    173,
    173,
    166,
    164,
    161,
    159,
    158,
    158,
    160,
    162,
    168,
    173,
    173,
    173,
    193,
    206,
    220,
    235,
    242,
    251,
    254,
    256,
    258,
    257,
    256,
    254,
    251,
    251,
    251,
    251,
    258,
    265,
    284,
    294,
    303,
    303,
    302,
    294,
    286,
    269,
    259,
    240,
    223,
    216,
    200,
    192,
    181,
    180,
    180,
    186,
    193,
    208,
    218,
    228,
    228,
    264,
    278,
    305,
    323,
    338,
    338,
    370,
    374,
    380,
    381,
    381,
    377,
    364,
    342,
    330,
    312,
    312,
    293,
    261,
    249,
    238,
    225,
    221,
    221,
    221,
    223,
    255,
    284,
    284,
    284,
    300,
    318,
    348,
    351,
    354,
    354,
    356,
    357,
    357,
    357,
    356,
    356,
    350,
    336,
    311,
    287,
    277,
    277,
    268,
    277,
    285,
    306,
    313,
    327,
    333,
    338,
    340,
    342,
    344,
    344,
    347,
    358,
    371,
    389,
    389,
    405,
    413,
    435,
    439,
    444,
    444,
    444,
    444,
    431,
    408,
    383,
    371,
    371,
    350,
    335,
    333,
    335,
    338,
    338,
    350,
    386,
    398,
    419,
    426,
    426,
    426,
    436,
    436,
    430,
    424,
    424,
    411,
    400,
    398,
    394
  ],
  "stdAccel": 6.18410587310791,
  "receivedX": [],
  "timeBeforeEval": [1608],
  "timeDrawing": [],
  "receivedY": [],
  "xPos": [
    257,
    268,
    276,
    299,
    310,
    346,
    373,
    419,
    463,
    478,
    493,
    497,
    498,
    498,
    498,
    498,
    498,
    498,
    497,
    495,
    480,
    466,
    432,
    414,
    378,
    363,
    350,
    348,
    344,
    342,
    339,
    337,
    331,
    331,
    329,
    328,
    328,
    328,
    328,
    328,
    328,
    328,
    328,
    328,
    328,
    328,
    328,
    327,
    326,
    325,
    325,
    324,
    325,
    325,
    325,
    325,
    325,
    325,
    325,
    325,
    325,
    325,
    325,
    326,
    327,
    332,
    335,
    344,
    349,
    364,
    373,
    390,
    397,
    410,
    410,
    413,
    413,
    412,
    412,
    410,
    403,
    399,
    386,
    379,
    379,
    363,
    327,
    299,
    286,
    277,
    277,
    258,
    257,
    257,
    257,
    257,
    257,
    263,
    266,
    276,
    289,
    300,
    300,
    336,
    342,
    352,
    355,
    355,
    355,
    362,
    364,
    366,
    371,
    373,
    378,
    381,
    386,
    396,
    401,
    408,
    411,
    414,
    414,
    414,
    414,
    415,
    416,
    421,
    427,
    440,
    450,
    454,
    468,
    476,
    489,
    493,
    495,
    490,
    484,
    463,
    450,
    415,
    401,
    378,
    333,
    313,
    288,
    277,
    269,
    269,
    258,
    258,
    262,
    266,
    271,
    271,
    306,
    319,
    343,
    358,
    372,
    393,
    418,
    438,
    444,
    448,
    448,
    446,
    430,
    418,
    403,
    374,
    358,
    358,
    358,
    335,
    307,
    295,
    295,
    295,
    293,
    296,
    311,
    314,
    318,
    318,
    327,
    353,
    374,
    382,
    387,
    387,
    397,
    401,
    401,
    391,
    382,
    382,
    343,
    335,
    332,
    331,
    333,
    341,
    346,
    354,
    357,
    359,
    361,
    361,
    361,
    360,
    356,
    352,
    352,
    348,
    347,
    345,
    345,
    346,
    347,
    347,
    347,
    361,
    374,
    384,
    386,
    386,
    384,
    369,
    358,
    355,
    352,
    352,
    345,
    335,
    333,
    333,
    335,
    335,
    335,
    341,
    349,
    357,
    360,
    360,
    365,
    363,
    361,
    356
  ],