{"drawing": {
  "avgAccel": 1.0544147491455078,
  "stdSpeed": 2.9659509658813477,
  "yPos": [
    338,
    338,
    337,
    336,
    334,
    332,
    325,
    320,
    314,
    313,
    311,
    310,
    309,
    308,
    306,
    306,
    306,
    305,
    304,
    302,
    301,
    298,
    296,
    294,
    288,
    284,
    276,
    273,
    271,
    269,
    267,
    266,
    264,
    263,
    263,
    263,
    262,
    263,
    264,
    266,
    267,
    267,
    269,
    270,
    270,
    271,
    272,
    276,
    280,
    285,
    287,
    291,
    293,
    298,
    300,
    305,
    307,
    311,
    313,
    313,
    313,
    312,
    304,
    298,
    288,
    283,
    281,
    279,
    279,
    278,
    278,
    278,
    279,
    280,
    282,
    283,
    285,
    286,
    287,
    289,
    290,
    294,
    301,
    306,
    316,
    318,
    321,
    321,
    322,
    322,
    322,
    322,
    322,
    319,
    317,
    313,
    311,
    306,
    304,
    297,
    294,
    290,
    290,
    289,
    289,
    288,
    289,
    289,
    290,
    291,
    292,
    293,
    294,
    294,
    295,
    297,
    299,
    302,
    303,
    305,
    306,
    309,
    311,
    315,
    317,
    319,
    320,
    320,
    320,
    321,
    321,
    321,
    320,
    316,
    316,
    309,
    304,
    301,
    300,
    299,
    299,
    299,
    299,
    301,
    302,
    303,
    305,
    305,
    307,
    308,
    311,
    314,
    314,
    318,
    322,
    325,
    327,
    330,
    330,
    330,
    332,
    336,
    337,
    337,
    337,
    337,
    337,
    336,
    334,
    333,
    333,
    330,
    326,
    325,
    324,
    323,
    322,
    322,
    321,
    321,
    323,
    324,
    324,
    324,
    329,
    336,
    339,
    340,
    341,
    341,
    343,
    342,
    341,
    339,
    339,
    335,
    334,
    331,
    330,
    328,
    328,
    327,
    327,
    328,
    329,
    331,
    331,
    335,
    336,
    337,
    339,
    341,
    342,
    343,
    343,
    342,
    341,
    339,
    338,
    337,
    337,
    337,
    337,
    338,
    342,
    345,
    349,
    350,
    352,
    352,
    353,
    352,
    352,
    351,
    347,
    344,
    343,
    342,
    341,
    338,
    337,
    336,
    336,
    335,
    335,
    335,
    334,
    333,
    331,
    331
  ],
  "stdAccel": 1.4043684005737305,
  "receivedX": [],
  "timeBeforeEval": [970],
  "timeDrawing": [],
  "receivedY": [],
  "xPos": [
    358,
    358,
    357,
    357,
    356,
    354,
    347,
    341,
    330,
    327,
    321,
    317,
    311,
    307,
    299,
    292,
    289,
    283,
    280,
    275,
    272,
    267,
    264,
    262,
    260,
    259,
    257,
    257,
    257,
    257,
    257,
    257,
    259,
    260,
    262,
    262,
    263,
    265,
    266,
    268,
    269,
    269,
    270,
    270,
    270,
    269,
    269,
    267,
    263,
    258,
    257,
    255,
    254,
    254,
    254,
    254,
    254,
    256,
    257,
    258,
    259,
    260,
    264,
    267,
    271,
    274,
    275,
    277,
    278,
    279,
    280,
    281,
    282,
    283,
    285,
    286,
    286,
    286,
    286,
    286,
    286,
    284,
    283,
    282,
    281,
    281,
    281,
    281,
    282,
    282,
    283,
    283,
    284,
    287,
    288,
    292,
    294,
    297,
    298,
    300,
    301,
    302,
    302,
    303,
    303,
    304,
    305,
    308,
    310,
    313,
    315,
    317,
    317,
    317,
    317,
    317,
    317,
    317,
    316,
    316,
    316,
    315,
    315,
    314,
    315,
    315,
    316,
    316,
    316,
    317,
    318,
    319,
    320,
    323,
    323,
    328,
    330,
    332,
    333,
    333,
    333,
    334,
    335,
    337,
    338,
    339,
    339,
    339,
    340,
    341,
    340,
    339,
    339,
    338,
    337,
    337,
    337,
    337,
    337,
    337,
    338,
    340,
    342,
    343,
    345,
    352,
    353,
    356,
    359,
    360,
    360,
    361,
    361,
    361,
    359,
    358,
    357,
    357,
    355,
    354,
    353,
    353,
    353,
    353,
    352,
    353,
    355,
    356,
    358,
    358,
    365,
    367,
    370,
    371,
    371,
    372,
    372,
    371,
    370,
    368,
    368,
    366,
    365,
    362,
    361,
    360,
    360,
    360,
    360,
    360,
    360,
    361,
    362,
    363,
    364,
    367,
    368,
    370,
    370,
    371,
    371,
    372,
    372,
    373,
    375,
    376,
    380,
    383,
    387,
    389,
    394,
    399,
    402,
    406,
    416,
    424,
    426,
    428,
    431,
    435,
    436,
    437,
    437,
    438,
    439,
    439,
    441,
    443,
    445,
    445
  ],