{"drawing": {
  "avgAccel": 0.854499876499176,
  "stdSpeed": 1.9539300203323364,
  "yPos": [
    285,
    285,
    283,
    282,
    278,
    276,
    270,
    268,
    263,
    262,
    258,
    257,
    257,
    257,
    250,
    247,
    241,
    239,
    239,
    234,
    232,
    228,
    227,
    227,
    227,
    226,
    225,
    224,
    224,
    224,
    224,
    225,
    225,
    226,
    227,
    227,
    227,
    228,
    230,
    231,
    233,
    233,
    233,
    237,
    238,
    239,
    240,
    240,
    242,
    243,
    243,
    243,
    243,
    243,
    242,
    240,
    240,
    239,
    237,
    235,
    234,
    231,
    227,
    226,
    224,
    223,
    222,
    219,
    218,
    216,
    213,
    212,
    211,
    210,
    209,
    208,
    208,
    208,
    208,
    208,
    209,
    209,
    211,
    212,
    215,
    216,
    217,
    217,
    217,
    217,
    216,
    215,
    215,
    214,
    214,
    214,
    212,
    206,
    205,
    204,
    204,
    201,
    199,
    198,
    197,
    197,
    196,
    196,
    196,
    196,
    196,
    196,
    196,
    196,
    197,
    197,
    199,
    199,
    201,
    202,
    203,
    205,
    206,
    207,
    208,
    208,
    208,
    209,
    208,
    208,
    208,
    206,
    205,
    203,
    203,
    200,
    199,
    195,
    193,
    188,
    185,
    184,
    180,
    178,
    174,
    173,
    171,
    170,
    169,
    168,
    165,
    164,
    162,
    161,
    160,
    159,
    159,
    158,
    157,
    157,
    157,
    157,
    157,
    156,
    156,
    155,
    154,
    152,
    150,
    147,
    144,
    140,
    138,
    134,
    132,
    129,
    128,
    128,
    127,
    127,
    125,
    124,
    123,
    121,
    120,
    117,
    115,
    113,
    112,
    110,
    110,
    108,
    107,
    106,
    105,
    105,
    104,
    103,
    102,
    102,
    101,
    101,
    100,
    99,
    98,
    97,
    97,
    96,
    95,
    95,
    95,
    95,
    95,
    95,
    95,
    95,
    95,
    95,
    95,
    95,
    95,
    95,
    95,
    95,
    96,
    98,
    99,
    100,
    101,
    101,
    102,
    102,
    104,
    105,
    106,
    107,
    108,
    108,
    108,
    109,
    109,
    109,
    108,
    108,
    108,
    106,
    103,
    102,
    100,
    99
  ],
  "stdAccel": 1.277489185333252,
  "receivedX": [],
  "timeBeforeEval": [1246],
  "timeDrawing": [],
  "receivedY": [],
  "xPos": [
    299,
    299,
    298,
    297,
    295,
    294,
    290,
    289,
    287,
    286,
    284,
    284,
    284,
    284,
    280,
    280,
    277,
    277,
    277,
    275,
    275,
    275,
    275,
    275,
    275,
    275,
    276,
    277,
    278,
    278,
    279,
    281,
    282,
    283,
    284,
    284,
    285,
    285,
    286,
    286,
    286,
    286,
    286,
    287,
    286,
    286,
    285,
    285,
    282,
    282,
    281,
    280,
    279,
    279,
    277,
    275,
    274,
    273,
    271,
    270,
    269,
    268,
    266,
    266,
    265,
    265,
    265,
    266,
    266,
    267,
    269,
    270,
    272,
    274,
    276,
    281,
    285,
    289,
    290,
    291,
    292,
    292,
    293,
    293,
    294,
    294,
    295,
    295,
    296,
    299,
    301,
    304,
    305,
    306,
    306,
    308,
    309,
    312,
    312,
    312,
    312,
    312,
    311,
    310,
    310,
    310,
    309,
    308,
    307,
    307,
    307,
    307,
    307,
    307,
    307,
    306,
    306,
    306,
    306,
    307,
    307,
    308,
    309,
    310,
    311,
    312,
    313,
    316,
    319,
    321,
    323,
    325,
    326,
    327,
    328,
    328,
    328,
    327,
    326,
    322,
    319,
    318,
    315,
    314,
    312,
    311,
    310,
    310,
    310,
    310,
    310,
    310,
    311,
    312,
    313,
    314,
    316,
    320,
    322,
    326,
    327,
    330,
    331,
    334,
    335,
    336,
    336,
    337,
    338,
    338,
    338,
    337,
    337,
    334,
    331,
    329,
    328,
    327,
    327,
    326,
    324,
    322,
    321,
    320,
    319,
    316,
    315,
    314,
    314,
    314,
    315,
    315,
    316,
    317,
    318,
    318,
    322,
    323,
    325,
    325,
    325,
    325,
    326,
    326,
    326,
    326,
    326,
    326,
    324,
    324,
    324,
    324,
    324,
    324,
    324,
    324,
    324,
    324,
    324,
    324,
    324,
    324,
    324,
    324,
    324,
    324,
    324,
    324,
    324,
    324,
    324,
    324,
    325,
    325,
    326,
    326,
    328,
    328,
    329,
    331,
    336,
    337,
    338,
    339,
    339,
    340,
    340,
    339,
    337,
    336
  ],