{"drawing": {
  "avgAccel": 1.5538455247879028,
  "stdSpeed": 6.130274295806885,
  "yPos": [
    173,
    173,
    173,
    173,
    173,
    173,
    172,
    172,
    172,
    170,
    169,
    167,
    164,
    162,
    159,
    159,
    156,
    155,
    153,
    152,
    151,
    151,
    151,
    151,
    151,
    151,
    152,
    153,
    156,
    162,
    165,
    172,
    174,
    178,
    179,
    182,
    183,
    186,
    186,
    186,
    186,
    182,
    179,
    176,
    169,
    164,
    152,
    146,
    137,
    134,
    132,
    129,
    125,
    124,
    120,
    119,
    117,
    117,
    118,
    119,
    122,
    125,
    127,
    131,
    135,
    143,
    148,
    158,
    162,
    171,
    175,
    186,
    195,
    198,
    202,
    202,
    201,
    200,
    195,
    187,
    184,
    177,
    172,
    162,
    156,
    144,
    140,
    132,
    128,
    119,
    110,
    106,
    100,
    97,
    93,
    91,
    88,
    85,
    85,
    84,
    84,
    85,
    85,
    86,
    87,
    88,
    93,
    101,
    106,
    113,
    115,
    119,
    122,
    126,
    127,
    129,
    130,
    130,
    131,
    132,
    132,
    134,
    136,
    139,
    144,
    149,
    151,
    158,
    161,
    165,
    167,
    168,
    171,
    173,
    176,
    176,
    176,
    175,
    171,
    169,
    164,
    162,
    158,
    156,
    154,
    152,
    151,
    151,
    152,
    152,
    154,
    156,
    158,
    160,
    165,
    168,
    169,
    170,
    173,
    174,
    175,
    175,
    175,
    173,
    171,
    169,
    165,
    162,
    159,
    158,
    158,
    158,
    158,
    158,
    159,
    160,
    163,
    165,
    167,
    169,
    173,
    174,
    177,
    178,
    181,
    184,
    186,
    190,
    193,
    195,
    201,
    208,
    211,
    216,
    218,
    220,
    221,
    221,
    219,
    217,
    215,
    210,
    207,
    199,
    196,
    188,
    188,
    186,
    186,
    187,
    190,
    193,
    198,
    200,
    206,
    213,
    217,
    221,
    223,
    226,
    228,
    229,
    234,
    241,
    247,
    248,
    249,
    251,
    251,
    251,
    251,
    250,
    246,
    239,
    237,
    235,
    233,
    229,
    226,
    225,
    226,
    227,
    232,
    236,
    241,
    250,
    257,
    260,
    266,
    268
  ],
  "stdAccel": 2.405332565307617,
  "receivedX": [],
  "timeBeforeEval": [2631],
  "timeDrawing": [],
  "receivedY": [],
  "xPos": [
    146,
    146,
    147,
    150,
    160,
    183,
    196,
    224,
    244,
    280,
    301,
    340,
    364,
    374,
    383,
    383,
    383,
    383,
    383,
    382,
    381,
    377,
    373,
    367,
    363,
    361,
    358,
    357,
    355,
    354,
    354,
    355,
    355,
    356,
    356,
    356,
    356,
    355,
    354,
    353,
    352,
    346,
    342,
    336,
    327,
    323,
    315,
    313,
    311,
    312,
    313,
    317,
    323,
    327,
    337,
    344,
    362,
    373,
    395,
    404,
    414,
    418,
    419,
    421,
    422,
    421,
    421,
    419,
    417,
    412,
    409,
    400,
    388,
    383,
    370,
    365,
    355,
    348,
    329,
    308,
    300,
    287,
    283,
    279,
    278,
    278,
    278,
    278,
    278,
    280,
    284,
    286,
    293,
    296,
    302,
    304,
    312,
    324,
    332,
    343,
    361,
    376,
    381,
    389,
    391,
    394,
    398,
    402,
    402,
    404,
    404,
    404,
    404,
    403,
    402,
    401,
    400,
    399,
    398,
    394,
    392,
    387,
    385,
    380,
    377,
    375,
    374,
    374,
    374,
    374,
    375,
    375,
    377,
    380,
    387,
    390,
    395,
    396,
    398,
    398,
    398,
    398,
    396,
    394,
    392,
    387,
    385,
    381,
    377,
    376,
    372,
    370,
    369,
    368,
    367,
    367,
    367,
    367,
    369,
    370,
    373,
    376,
    379,
    381,
    383,
    384,
    384,
    384,
    383,
    382,
    382,
    381,
    380,
    380,
    378,
    377,
    374,
    373,
    372,
    372,
    372,
    373,
    373,
    374,
    376,
    377,
    378,
    379,
    380,
    380,
    380,
    380,
    380,
    380,
    381,
    382,
    384,
    386,
    391,
    395,
    397,
    401,
    402,
    402,
    401,
    394,
    394,
    388,
    387,
    385,
    383,
    382,
    378,
    377,
    376,
    376,
    376,
    377,
    377,
    377,
    377,
    377,
    377,
    378,
    379,
    380,
    380,
    382,
    382,
    383,
    385,
    387,
    390,
    392,
    392,
    391,
    390,
    386,
    377,
    372,
    365,
    364,
    362,
    362,
    362,
    363,
    365,
    367,
    372,
    374
  ],