{"drawing": {
  "avgAccel": 10.67574405670166,
  "stdSpeed": 31.567232131958008,
  "yPos": [
    297,
    297,
    298,
    298,
    297,
    288,
    281,
    272,
    270,
    267,
    266,
    266,
    266,
    266,
    266,
    266,
    265,
    262,
    260,
    250,
    240,
    207,
    189,
    160,
    154,
    145,
    144,
    145,
    148,
    163,
    172,
    207,
    224,
    242,
    245,
    246,
    245,
    237,
    229,
    209,
    203,
    195,
    193,
    192,
    201,
    214,
    248,
    273,
    309,
    312,
    312,
    296,
    241,
    203,
    142,
    101,
    95,
    91,
    91,
    94,
    102,
    152,
    204,
    296,
    386,
    412,
    424,
    423,
    420,
    384,
    343,
    269,
    227,
    178,
    169,
    167,
    169,
    176,
    221,
    260,
    303,
    363,
    379,
    381,
    380,
    380,
    380,
    351,
    310,
    265,
    252,
    252,
    225,
    218,
    223,
    250,
    281,
    303,
    309,
    313,
    322,
    324,
    324,
    323,
    308,
    286,
    278,
    278,
    278,
    278,
    280,
    283
  ],
  "stdAccel": 12.942410469055176,
  "receivedX": [],
  "timeBeforeEval": [6267],
  "timeDrawing": [],
  "receivedY": [],
  "xPos": [
    154,
    156,
    161,
    169,
    194,
    261,
    308,
    393,
    440,
    504,
    517,
    534,
    536,
    536,
    536,
    536,
    535,
    535,
    533,
    526,
    517,
    484,
    463,
    419,
    405,
    368,
    345,
    335,
    329,
    317,
    314,
    307,
    308,
    312,
    316,
    328,
    339,
    361,
    374,
    391,
    393,
    394,
    392,
    380,
    360,
    351,
    338,
    332,
    326,
    327,
    327,
    344,
    396,
    430,
    488,
    537,
    546,
    552,
    552,
    550,
    545,
    519,
    494,
    452,
    416,
    408,
    404,
    405,
    406,
    428,
    451,
    488,
    510,
    540,
    547,
    548,
    548,
    547,
    544,
    542,
    541,
    541,
    543,
    545,
    545,
    545,
    545,
    546,
    535,
    505,
    491,
    491,
    440,
    373,
    358,
    336,
    328,
    330,
    332,
    334,
    346,
    352,
    358,
    362,
    374,
    379,
    379,
    379,
    379,
    379,
    379,
    379
  ],
  "velY": [
    0,
    0,
    1.17669677734375,
    0,
    -1.0391689538955688,
    -10.118077278137207,
    -7.954810619354248,
    -9.897614479064941,
    -2.083221197128296,
    -3.1371803283691406,
    -1.0737509727478027,
    0,
    0,
    0,
    0,
    0,
    -1.4142135381698608,
    -3,
    -2.8284270763397217,
    -13.926942825317383,
    -14.122589111328125,
    -46.66904830932617,
    -25.380863189697266,
    -40.172874450683594,
    -7.8783860206604,
    -10.872172355651855,
    -1.0424933433532715,
    1.0945409536361694,
    4.0249223709106445,
    21.083457946777344,
    11.384200096130371,
    41.18438720703125,
    17.96893882751465,
    21.476116180419922,
    4.199999809265137,
    1.0795912742614746,
    -1.0864289999008179,
    -10.25229263305664,
    -11.006046295166016,
    -28.191755294799805,
    -7.589466094970703,
    -8.930500984191895,
    -2.8284270763397217,
    -1.0795912742614746,
    11.900574684143066,
    18.088228225708008,
    43.90043640136719,
    30.144004821777344,
    41.42854690551758,
    3.7947330474853516,
    0,
    -22.617034912109375,
    -77.7511978149414,
    -53.657371520996094,
    -86.23963165283203,
    -57.75503921508789,
    -8.320502281188965,
    -5.547001838684082,
    0,
    4.160251617431641,
    11.023978233337402,
    67.42847442626953,
    69.39643859863281,
    121.898193359375,
    116.9880599975586,
    32.49648666381836,
    15.178932189941406,
    -1.4142135381698608,
    -3.7947330474853516,
    -49.49034881591797,
    -55.81715774536133,
    -99.28141784667969,
    -56.69321823120117,
    -67.37525177001953,
    -12.62963581085205,
    -2.683281421661377,
    2,
    7.919595718383789,
    47.8936882019043,
    40.946197509765625,
    43.98810577392578,
    60,
    17.86100196838379,
    2.8284270763397217,
    -1,
    0,
    0,
    -29.982179641723633,
    -50.22382736206055,
    -62.403770446777344,
    -18.372180938720703,
    0,
    -36.4952392578125,
    -7.689489841461182,
    6.324555397033691,
    37.986515045166016,
    37.7628173828125,
    23.901437759399414,
    7.589466094970703,
    5.366562843322754,
    12.600000381469727,
    2.5298221111297607,
    0,
    -1.2126781940460205,
    -21.083457946777344,
    -26.328588485717773,
    -8,
    0,
    0,
    0,
    2,
    3
  ],
  "velX": [
    2,
    2,
    5.88348388671875,
    8,
    25.979223251342773,
    75.3234634399414,
    53.41086959838867,
    93.47747039794922,
    48.95569610595703,
    66.926513671875,
    13.958763122558594,
    17,
    2,
    0,
    0,
    0,
    -1.4142135381698608,
    0,
    -2.8284270763397217,
    -9.748860359191895,
    -12.71033000946045,
    -46.66904830932617,
    -29.611005783081055,
    -60.95194625854492,
    -18.38290023803711,
    -44.69670867919922,
    -23.97734832763672,
    -10.945409774780273,
    -8.049844741821289,
    -16.86676597595215,
    -3.7947332859039307,
    -8.23687744140625,
    1.0569963455200195,
    4.772469997406006,
    5.599999904632568,
    12.955095291137695,
    11.950718879699707,
    28.193803787231445,
    17.884824752807617,
    23.96299171447754,
    2.5298221111297607,
    1.1163126230239868,
    -2.8284270763397217,
    -12.955095291137695,
    -26.445722579956055,
    -12.52262020111084,
    -16.785459518432617,
    -7.234561443328857,
    -6.904757499694824,
    1.2649110555648804,
    0,
    24.03059959411621,
    73.51022338867188,
    48.00922775268555,
    81.99833679199219,
    69.0243148803711,
    12.480753898620605,
    8.320503234863281,
    0,
    -2.773500919342041,
    -6.889986515045166,
    -35.062808990478516,
    -33.363670349121094,
    -55.649173736572266,
    -46.795223236083984,
    -9.998918533325195,
    -5.0596442222595215,
    1.4142135381698608,
    1.2649110555648804,
    30.244102478027344,
    31.312063217163086,
    49.640708923339844,
    29.696447372436523,
    41.250152587890625,
    9.823049545288086,
    1.3416407108306885,
    0,
    -1.1313709020614624,
    -3.1929125785827637,
    -2.0998048782348633,
    -1.0229792594909668,
    0,
    2.2326252460479736,
    2.8284270763397217,
    0,
    0,
    0,
    1.0338683128356934,
    -13.474685668945312,
    -41.60251235961914,
    -19.785425186157227,
    0,
    -68.93545532226562,
    -73.59940338134766,
    -18.97366714477539,
    -30.951976776123047,
    -9.745243072509766,
    2.1728579998016357,
    2.5298221111297607,
    2.683281421661377,
    16.799999237060547,
    7.589466094970703,
    6,
    4.850712776184082,
    16.86676597595215,
    5.98376989364624,
    0,
    0,
    0,
    0,
    0,
    0
  ],
  "accelearation": [
    0,
    0,
    0,
    2,
    0,
    0,
    0,
    40,
    0,
    18,
    53,
    0,
    0,
    2,
    0,
    0,
    0,
    0,
    0,
    13,
    0,
    0,
    0,
    34,
    53,
    26,
    22,
    0,
    0,
    0,
    15,
    30,
    24,
    4,
    15,
    6,
    1,
    18,
    4.5,
    8,
    29,
    1,
    5,
    9,
    16,
    3.5,
    25,
    16,
    11,
    19,
    2,
    33,
    37,
    35,
    23.5,
    29,
    37.5,
    2.5,
    10,
    2.5,
    8,
    31.5,
    0.5,
    28.5,
    8,
    46,
    9,
    14,
    1,
    27,
    3,
    23.5,
    23.5,
    7.5,
    31.5,
    4.333333492279053,
    0.3333333432674408,
    3,
    20,
    3.5,
    1.5,
    5.333333492279053,
    14,
    7,
    1.5,
    0.5,
    0,
    15,
    7.333333492279053,
    5.75,
    16,
    6.75,
    26,
    1.3333333730697632,
    18,
    9.666666984558105,
    3.3333332538604736,
    3.75,
    4,
    0.6666666865348816,
    3.75,
    3.25,
    0.5,
    0.20000000298023224,
    4.400000095367432,
    0,
    4.75,
    2,
    0,
    0,
    0.5,
    0.25
  ],