{"drawing": {
  "avgAccel": 6.188596248626709,
  "stdSpeed": 21.53485679626465,
  "yPos": [
    322,
    322,
    322,
    322,
    320,
    317,
    317,
    317,
    302,
    297,
    294,
    293,
    293,
    293,
    290,
    289,
    288,
    282,
    278,
    278,
    266,
    253,
    233,
    231,
    231,
    233,
    239,
    254,
    267,
    291,
    291,
    316,
    327,
    327,
    324,
    319,
    302,
    258,
    239,
    227,
    225,
    224,
    224,
    239,
    277,
    302,
    335,
    341,
    343,
    343,
    339,
    332,
    311,
    294,
    289,
    286,
    284,
    286,
    292,
    317,
    338,
    340,
    340,
    338,
    330,
    319,
    299,
    286,
    282,
    281,
    282,
    289,
    298,
    323,
    333,
    339,
    339,
    336,
    336,
    321,
    310,
    308,
    308,
    308,
    315,
    323,
    334,
    348,
    351,
    353,
    353,
    353,
    353,
    352,
    352,
    351,
    350,
    344,
    336,
    335,
    335,
    335,
    336,
    336,
    335,
    334,
    334,
    334,
    334,
    334,
    332,
    328,
    317,
    303,
    292,
    279,
    256,
    244,
    233,
    232,
    234,
    239,
    253,
    268,
    300,
    312,
    320,
    320,
    320,
    320,
    320,
    320,
    320
  ],
  "stdAccel": 9.461341857910156,
  "receivedX": [],
  "timeBeforeEval": [1139],
  "timeDrawing": [],
  "receivedY": [],
  "xPos": [
    110,
    113,
    124,
    131,
    160,
    205,
    205,
    205,
    338,
    393,
    420,
    429,
    429,
    429,
    442,
    442,
    442,
    437,
    432,
    432,
    416,
    399,
    353,
    342,
    330,
    320,
    317,
    316,
    315,
    315,
    315,
    315,
    314,
    314,
    314,
    314,
    314,
    312,
    307,
    299,
    296,
    294,
    294,
    280,
    263,
    253,
    238,
    235,
    233,
    233,
    233,
    233,
    232,
    226,
    223,
    221,
    218,
    215,
    213,
    206,
    203,
    202,
    202,
    202,
    202,
    201,
    197,
    189,
    186,
    182,
    180,
    174,
    171,
    168,
    166,
    164,
    164,
    164,
    164,
    164,
    163,
    162,
    162,
    162,
    162,
    162,
    162,
    162,
    162,
    163,
    163,
    163,
    163,
    166,
    170,
    192,
    207,
    264,
    350,
    383,
    483,
    527,
    578,
    595,
    609,
    612,
    612,
    612,
    612,
    612,
    612,
    612,
    609,
    600,
    591,
    579,
    554,
    537,
    503,
    493,
    476,
    472,
    466,
    462,
    456,
    454,
    453,
    453,
    453,
    453,
    453,
    453,
    453
  ],
  "velY": [
    0,
    0,
    0,
    0,
    -2.1328647136688232,
    -3.1929125785827637,
    0,
    0,
    -16.58657455444336,
    -5.432144641876221,
    -3.31294584274292,
    -1.104315161705017,
    0,
    0,
    -3.597752094268799,
    -1,
    -1,
    -8.450433731079102,
    -5.622255325317383,
    0,
    -16.799999237060547,
    -18.22350311279297,
    -26.3159236907959,
    -2.3255107402801514,
    0,
    2.3533935546875,
    8.049844741821289,
    15.96456241607666,
    13.958763122558594,
    24,
    0,
    25,
    11.950718879699707,
    0,
    -3,
    -5,
    -17,
    -45.95255661010742,
    -23.209789276123047,
    -16.641006469726562,
    -2.773500919342041,
    -1.3416407108306885,
    0,
    21.200603485107422,
    50.20500183105469,
    32.49668502807617,
    43.69758987426758,
    8.049844741821289,
    2.8284270763397217,
    0,
    -4,
    -7,
    -21.975099563598633,
    -21.688777923583984,
    -6.859943866729736,
    -4.160251617431641,
    -2.773500919342041,
    2.773500919342041,
    7.589466094970703,
    30.814849853515625,
    23.758787155151367,
    2.683281421661377,
    0,
    -2,
    -8,
    -11.950718879699707,
    -23.533935546875,
    -17.884824752807617,
    -5.599999904632568,
    -1.2126781940460205,
    1.3416407108306885,
    9.870335578918457,
    11.384200096130371,
    27.80055046081543,
    11.7669677734375,
    7.589466094970703,
    0,
    -3,
    0,
    -15,
    -11.950718879699707,
    -2.683281421661377,
    0,
    0,
    7,
    8,
    11,
    14,
    3,
    2.683281421661377,
    0,
    0,
    0,
    -1.2649110555648804,
    0,
    -1.044376254081726,
    -1.0643041133880615,
    -6.595141410827637,
    -8.706596374511719,
    -1.0298303365707397,
    0,
    0,
    1.0194119215011597,
    0,
    -1.0687057971954346,
    -1.2649110555648804,
    0,
    0,
    0,
    0,
    -2,
    -4,
    -13.506692886352539,
    -19.347105026245117,
    -15.479146003723145,
    -18.370084762573242,
    -32.49871063232422,
    -16.723812103271484,
    -13.851912498474121,
    -1.0945409536361694,
    2.2199838161468506,
    7.0278191566467285,
    18.38290023803711,
    18.358463287353516,
    37.349143981933594,
    13.809514045715332,
    8.930500984191895,
    0,
    0,
    0,
    0,
    0,
    0
  ],
  "velX": [
    2,
    3,
    11,
    7,
    30.92654037475586,
    47.8936882019043,
    0,
    0,
    147.067626953125,
    59.75358963012695,
    29.816513061523438,
    9.938837051391602,
    0,
    0,
    15.590258598327637,
    0,
    0,
    -7.042028427124023,
    -7.0278191566467285,
    0,
    -22.399999618530273,
    -23.83073616027832,
    -60.5266227722168,
    -12.790308952331543,
    -12,
    -11.7669677734375,
    -4.0249223709106445,
    -1.0643041133880615,
    -1.0737509727478027,
    0,
    0,
    0,
    -1.0864289999008179,
    0,
    0,
    0,
    0,
    -2.088752508163452,
    -6.107839107513428,
    -11.094003677368164,
    -4.160251617431641,
    -2.683281421661377,
    0,
    -19.787229537963867,
    -22.460132598876953,
    -12.998674392700195,
    -19.86254119873047,
    -4.0249223709106445,
    -2.8284270763397217,
    0,
    0,
    0,
    -1.0464333295822144,
    -7.654862880706787,
    -4.115966320037842,
    -2.773500919342041,
    -4.160251617431641,
    -4.160251617431641,
    -2.5298221111297607,
    -8.628157615661621,
    -3.3941125869750977,
    -1.3416407108306885,
    0,
    0,
    0,
    -1.0864289999008179,
    -4.706787109375,
    -11.006046295166016,
    -4.199999809265137,
    -4.850712776184082,
    -2.683281421661377,
    -8.460288047790527,
    -3.7947332859039307,
    -3.3360660076141357,
    -2.3533935546875,
    -2.5298221111297607,
    0,
    0,
    0,
    0,
    -1.0864289999008179,
    -1.3416407108306885,
    0,
    0,
    0,
    0,
    0,
    0,
    0,
    1.3416407108306885,
    0,
    0,
    0,
    3.7947330474853516,
    4,
    22.97627830505371,
    15.96456241607666,
    62.65384292602539,
    93.59591674804688,
    33.98440170288086,
    100,
    44,
    51.99000549316406,
    17,
    14.961880683898926,
    3.7947330474853516,
    0,
    0,
    0,
    0,
    0,
    0,
    -3.6836435794830322,
    -12.437424659729004,
    -12.664755821228027,
    -16.957002639770508,
    -35.32468795776367,
    -23.692066192626953,
    -42.81500244140625,
    -10.945409774780273,
    -18.869861602783203,
    -5.622255325317383,
    -7.8783860206604,
    -4.895590305328369,
    -7.002964496612549,
    -2.3015856742858887,
    -1.1163126230239868,
    0,
    0,
    0,
    0,
    0,
    0
  ],